image_path,emotion
0.jpg,anger
1.jpg,neutral
2.jpg,fear
3.jpg,happy
4.jpg,anger
5.jpg,neutral
6.jpg,anger
7.jpg,happy
8.jpg,surprise
9.jpg,surprise
10.jpg,neutral
11.jpg,happy
12.jpg,happy
13.jpg,uncertain
14.jpg,contempt
15.jpg,sad
16.jpg,sad
17.jpg,uncertain
18.jpg,happy
19.jpg,disgust
20.jpg,neutral
21.jpg,neutral
22.jpg,uncertain
23.jpg,fear
24.jpg,contempt
25.jpg,disgust
26.jpg,surprise
27.jpg,neutral
28.jpg,disgust
29.jpg,anger
30.jpg,fear
31.jpg,anger
32.jpg,neutral
33.jpg,surprise
34.jpg,fear
35.jpg,neutral
36.jpg,uncertain
37.jpg,surprise
38.jpg,happy
39.jpg,happy
40.jpg,neutral
41.jpg,anger
42.jpg,neutral
43.jpg,anger
44.jpg,happy
45.jpg,fear
46.jpg,happy
47.jpg,neutral
48.jpg,surprise
49.jpg,disgust
50.jpg,uncertain
51.jpg,anger
52.jpg,contempt
53.jpg,anger
54.jpg,sad
55.jpg,happy
56.jpg,disgust
57.jpg,anger
58.jpg,happy
59.jpg,neutral
60.jpg,happy
61.jpg,neutral
62.jpg,surprise
63.jpg,disgust
64.jpg,uncertain
65.jpg,happy
66.jpg,anger
67.jpg,happy
68.jpg,neutral
69.jpg,happy
70.jpg,sad
71.jpg,sad
72.jpg,surprise
73.jpg,disgust
74.jpg,contempt
75.jpg,happy
76.jpg,uncertain
77.jpg,neutral
78.jpg,sad
79.jpg,anger
80.jpg,sad
81.jpg,uncertain
82.jpg,uncertain
83.jpg,anger
84.jpg,contempt
85.jpg,fear
86.jpg,uncertain
87.jpg,disgust
88.jpg,sad
89.jpg,surprise
90.jpg,uncertain
91.jpg,anger
92.jpg,neutral
93.jpg,anger
94.jpg,anger
95.jpg,fear
96.jpg,neutral
97.jpg,sad
98.jpg,contempt
99.jpg,happy
100.jpg,uncertain
101.jpg,fear
102.jpg,contempt
103.jpg,neutral
104.jpg,happy
105.jpg,anger
106.jpg,contempt
107.jpg,anger
108.jpg,neutral
109.jpg,surprise
110.jpg,fear
111.jpg,uncertain
112.jpg,surprise
113.jpg,sad
114.jpg,happy
115.jpg,neutral
116.jpg,happy
117.jpg,surprise
118.jpg,anger
119.jpg,happy
120.jpg,fear
121.jpg,uncertain
122.jpg,disgust
123.jpg,neutral
124.jpg,happy
125.jpg,happy
126.jpg,neutral
127.jpg,surprise
128.jpg,anger
129.jpg,sad
130.jpg,fear
131.jpg,neutral
132.jpg,happy
133.jpg,anger
134.jpg,fear
135.jpg,neutral
136.jpg,happy
137.jpg,sad
138.jpg,disgust
139.jpg,anger
140.jpg,sad
141.jpg,contempt
142.jpg,anger
143.jpg,fear
144.jpg,neutral
145.jpg,fear
146.jpg,neutral
147.jpg,anger
148.jpg,contempt
149.jpg,neutral
150.jpg,surprise
151.jpg,neutral
152.jpg,sad
153.jpg,sad
154.jpg,happy
155.jpg,anger
156.jpg,sad
157.jpg,sad
158.jpg,sad
159.jpg,anger
160.jpg,happy
161.jpg,sad
162.jpg,happy
163.jpg,anger
164.jpg,fear
165.jpg,sad
166.jpg,sad
167.jpg,fear
168.jpg,neutral
169.jpg,happy
170.jpg,neutral
171.jpg,anger
172.jpg,surprise
173.jpg,contempt
174.jpg,anger
175.jpg,fear
176.jpg,uncertain
177.jpg,neutral
178.jpg,uncertain
179.jpg,surprise
180.jpg,fear
181.jpg,neutral
182.jpg,happy
183.jpg,sad
184.jpg,neutral
185.jpg,neutral
186.jpg,surprise
187.jpg,sad
188.jpg,happy
189.jpg,happy
190.jpg,anger
191.jpg,fear
192.jpg,surprise
193.jpg,surprise
194.jpg,happy
195.jpg,anger
196.jpg,surprise
197.jpg,sad
198.jpg,neutral
199.jpg,surprise
200.jpg,surprise
201.jpg,sad
202.jpg,fear
203.jpg,sad
204.jpg,neutral
205.jpg,happy
206.jpg,contempt
207.jpg,happy
208.jpg,surprise
209.jpg,neutral
210.jpg,uncertain
211.jpg,neutral
212.jpg,sad
213.jpg,neutral
214.jpg,surprise
215.jpg,contempt
216.jpg,happy
217.jpg,sad
218.jpg,fear
219.jpg,happy
220.jpg,uncertain
221.jpg,surprise
222.jpg,anger
223.jpg,fear
224.jpg,fear
225.jpg,neutral
226.jpg,neutral
227.jpg,anger
228.jpg,anger
229.jpg,happy
230.jpg,happy
231.jpg,sad
232.jpg,disgust
233.jpg,happy
234.jpg,anger
235.jpg,uncertain
236.jpg,sad
237.jpg,anger
238.jpg,neutral
239.jpg,anger
240.jpg,sad
241.jpg,anger
242.jpg,surprise
243.jpg,surprise
244.jpg,disgust
245.jpg,happy
246.jpg,happy
247.jpg,fear
248.jpg,uncertain
249.jpg,anger
250.jpg,uncertain
251.jpg,surprise
252.jpg,neutral
253.jpg,fear
254.jpg,happy
255.jpg,happy
256.jpg,sad
257.jpg,happy
258.jpg,sad
259.jpg,neutral
260.jpg,sad
261.jpg,neutral
262.jpg,happy
263.jpg,sad
264.jpg,sad
265.jpg,disgust
266.jpg,happy
267.jpg,surprise
268.jpg,anger
269.jpg,anger
270.jpg,neutral
271.jpg,anger
272.jpg,fear
273.jpg,anger
274.jpg,happy
275.jpg,sad
276.jpg,sad
277.jpg,neutral
278.jpg,uncertain
279.jpg,sad
280.jpg,sad
281.jpg,disgust
282.jpg,neutral
283.jpg,fear
284.jpg,sad
285.jpg,anger
286.jpg,sad
287.jpg,surprise
288.jpg,happy
289.jpg,fear
290.jpg,anger
291.jpg,neutral
292.jpg,contempt
293.jpg,happy
294.jpg,neutral
295.jpg,neutral
296.jpg,happy
297.jpg,contempt
298.jpg,neutral
299.jpg,happy
300.jpg,surprise
301.jpg,anger
302.jpg,surprise
303.jpg,surprise
304.jpg,anger
305.jpg,surprise
306.jpg,sad
307.jpg,contempt
308.jpg,anger
309.jpg,happy
310.jpg,neutral
311.jpg,surprise
312.jpg,happy
313.jpg,disgust
314.jpg,fear
315.jpg,neutral
316.jpg,anger
317.jpg,happy
318.jpg,neutral
319.jpg,disgust
320.jpg,sad
321.jpg,fear
322.jpg,happy
323.jpg,neutral
324.jpg,anger
325.jpg,happy
326.jpg,happy
327.jpg,sad
328.jpg,happy
329.jpg,surprise
330.jpg,fear
331.jpg,anger
332.jpg,fear
333.jpg,anger
334.jpg,sad
335.jpg,neutral
336.jpg,disgust
337.jpg,anger
338.jpg,surprise
339.jpg,uncertain
340.jpg,neutral
341.jpg,happy
342.jpg,uncertain
343.jpg,happy
344.jpg,sad
345.jpg,disgust
346.jpg,neutral
347.jpg,sad
348.jpg,happy
349.jpg,happy
350.jpg,neutral
351.jpg,surprise
352.jpg,anger
353.jpg,anger
354.jpg,anger
355.jpg,anger
356.jpg,sad
357.jpg,sad
358.jpg,surprise
359.jpg,contempt
360.jpg,surprise
361.jpg,anger
362.jpg,uncertain
363.jpg,happy
364.jpg,anger
365.jpg,anger
366.jpg,happy
367.jpg,uncertain
368.jpg,anger
369.jpg,sad
370.jpg,uncertain
371.jpg,sad
372.jpg,anger
373.jpg,happy
374.jpg,happy
375.jpg,surprise
376.jpg,surprise
377.jpg,sad
378.jpg,neutral
379.jpg,surprise
380.jpg,surprise
381.jpg,fear
382.jpg,happy
383.jpg,neutral
384.jpg,anger
385.jpg,fear
386.jpg,neutral
387.jpg,neutral
388.jpg,neutral
389.jpg,anger
390.jpg,fear
391.jpg,sad
392.jpg,sad
393.jpg,anger
394.jpg,uncertain
395.jpg,neutral
396.jpg,fear
397.jpg,neutral
398.jpg,sad
399.jpg,neutral
400.jpg,disgust
401.jpg,surprise
402.jpg,uncertain
403.jpg,contempt
404.jpg,neutral
405.jpg,neutral
406.jpg,fear
407.jpg,happy
408.jpg,surprise
409.jpg,surprise
410.jpg,disgust
411.jpg,sad
412.jpg,sad
413.jpg,happy
414.jpg,anger
415.jpg,neutral
416.jpg,anger
417.jpg,fear
418.jpg,uncertain
419.jpg,fear
420.jpg,surprise
421.jpg,neutral
422.jpg,happy
423.jpg,surprise
424.jpg,neutral
425.jpg,uncertain
426.jpg,uncertain
427.jpg,sad
428.jpg,surprise
429.jpg,anger
430.jpg,uncertain
431.jpg,surprise
432.jpg,contempt
433.jpg,surprise
434.jpg,happy
435.jpg,sad
436.jpg,happy
437.jpg,surprise
438.jpg,anger
439.jpg,neutral
440.jpg,anger
441.jpg,anger
442.jpg,sad
443.jpg,neutral
444.jpg,surprise
445.jpg,disgust
446.jpg,sad
447.jpg,uncertain
448.jpg,fear
449.jpg,anger
450.jpg,neutral
451.jpg,sad
452.jpg,surprise
453.jpg,sad
454.jpg,neutral
455.jpg,disgust
456.jpg,happy
457.jpg,uncertain
458.jpg,contempt
459.jpg,happy
460.jpg,sad
461.jpg,sad
462.jpg,sad
463.jpg,uncertain
464.jpg,anger
465.jpg,sad
466.jpg,surprise
467.jpg,happy
468.jpg,happy
469.jpg,surprise
470.jpg,surprise
471.jpg,neutral
472.jpg,anger
473.jpg,sad
474.jpg,uncertain
475.jpg,neutral
476.jpg,sad
477.jpg,neutral
478.jpg,happy
479.jpg,anger
480.jpg,happy
481.jpg,surprise
482.jpg,anger
483.jpg,fear
484.jpg,anger
485.jpg,happy
486.jpg,anger
487.jpg,fear
488.jpg,anger
489.jpg,anger
490.jpg,contempt
491.jpg,surprise
492.jpg,happy
493.jpg,neutral
494.jpg,disgust
495.jpg,happy
496.jpg,anger
497.jpg,uncertain
498.jpg,fear
499.jpg,sad
500.jpg,sad
501.jpg,sad
502.jpg,neutral
503.jpg,anger
504.jpg,fear
505.jpg,anger
506.jpg,fear
507.jpg,sad
508.jpg,sad
509.jpg,surprise
510.jpg,surprise
511.jpg,anger
512.jpg,happy
513.jpg,fear
514.jpg,surprise
515.jpg,disgust
516.jpg,happy
517.jpg,disgust
518.jpg,neutral
519.jpg,surprise
520.jpg,neutral
521.jpg,fear
522.jpg,fear
523.jpg,disgust
524.jpg,happy
525.jpg,surprise
526.jpg,fear
527.jpg,sad
528.jpg,sad
529.jpg,fear
530.jpg,anger
531.jpg,disgust
532.jpg,uncertain
533.jpg,neutral
534.jpg,fear
535.jpg,neutral
536.jpg,uncertain
537.jpg,neutral
538.jpg,anger
539.jpg,anger
540.jpg,surprise
541.jpg,disgust
542.jpg,fear
543.jpg,sad
544.jpg,fear
545.jpg,disgust
546.jpg,disgust
547.jpg,surprise
548.jpg,anger
549.jpg,neutral
550.jpg,fear
551.jpg,happy
552.jpg,anger
553.jpg,anger
554.jpg,surprise
555.jpg,uncertain
556.jpg,anger
557.jpg,uncertain
558.jpg,uncertain
559.jpg,fear
560.jpg,fear
561.jpg,sad
562.jpg,uncertain
563.jpg,uncertain
564.jpg,disgust
565.jpg,neutral
566.jpg,neutral
567.jpg,uncertain
568.jpg,sad
569.jpg,uncertain
570.jpg,uncertain
571.jpg,contempt
572.jpg,uncertain
573.jpg,happy
574.jpg,uncertain
575.jpg,neutral
576.jpg,anger
577.jpg,surprise
578.jpg,sad
579.jpg,anger
580.jpg,anger
581.jpg,neutral
582.jpg,disgust
583.jpg,fear
584.jpg,disgust
585.jpg,sad
586.jpg,neutral
587.jpg,uncertain
588.jpg,anger
589.jpg,anger
590.jpg,uncertain
591.jpg,anger
592.jpg,happy
593.jpg,neutral
594.jpg,neutral
595.jpg,happy
596.jpg,sad
597.jpg,happy
598.jpg,uncertain
599.jpg,happy
600.jpg,anger
601.jpg,surprise
602.jpg,fear
603.jpg,surprise
604.jpg,surprise
605.jpg,sad
606.jpg,anger
607.jpg,surprise
608.jpg,fear
609.jpg,anger
610.jpg,neutral
611.jpg,surprise
612.jpg,uncertain
613.jpg,anger
614.jpg,happy
615.jpg,uncertain
616.jpg,disgust
617.jpg,neutral
618.jpg,anger
619.jpg,disgust
620.jpg,anger
621.jpg,fear
622.jpg,happy
623.jpg,neutral
624.jpg,surprise
625.jpg,surprise
626.jpg,disgust
627.jpg,sad
628.jpg,neutral
629.jpg,anger
630.jpg,sad
631.jpg,surprise
632.jpg,neutral
633.jpg,surprise
634.jpg,happy
635.jpg,neutral
636.jpg,anger
637.jpg,surprise
638.jpg,fear
639.jpg,surprise
640.jpg,sad
641.jpg,sad
642.jpg,anger
643.jpg,happy
644.jpg,surprise
645.jpg,neutral
646.jpg,happy
647.jpg,uncertain
648.jpg,anger
649.jpg,sad
650.jpg,sad
651.jpg,anger
652.jpg,disgust
653.jpg,neutral
654.jpg,neutral
655.jpg,happy
656.jpg,uncertain
657.jpg,fear
658.jpg,surprise
659.jpg,uncertain
660.jpg,disgust
661.jpg,anger
662.jpg,sad
663.jpg,anger
664.jpg,happy
665.jpg,neutral
666.jpg,neutral
667.jpg,neutral
668.jpg,neutral
669.jpg,uncertain
670.jpg,happy
671.jpg,sad
672.jpg,neutral
673.jpg,fear
674.jpg,surprise
675.jpg,surprise
676.jpg,neutral
677.jpg,fear
678.jpg,happy
679.jpg,neutral
680.jpg,uncertain
681.jpg,sad
682.jpg,uncertain
683.jpg,neutral
684.jpg,surprise
685.jpg,surprise
686.jpg,happy
687.jpg,surprise
688.jpg,fear
689.jpg,neutral
690.jpg,neutral
691.jpg,anger
692.jpg,uncertain
693.jpg,surprise
694.jpg,neutral
695.jpg,neutral
696.jpg,anger
697.jpg,surprise
698.jpg,happy
699.jpg,disgust
700.jpg,sad
701.jpg,surprise
702.jpg,happy
703.jpg,uncertain
704.jpg,happy
705.jpg,anger
706.jpg,uncertain
707.jpg,happy
708.jpg,sad
709.jpg,sad
710.jpg,surprise
711.jpg,fear
712.jpg,neutral
713.jpg,contempt
714.jpg,sad
715.jpg,contempt
716.jpg,sad
717.jpg,anger
718.jpg,anger
719.jpg,neutral
720.jpg,contempt
721.jpg,surprise
722.jpg,sad
723.jpg,fear
724.jpg,contempt
725.jpg,happy
726.jpg,uncertain
727.jpg,uncertain
728.jpg,neutral
729.jpg,sad
730.jpg,happy
731.jpg,uncertain
732.jpg,surprise
733.jpg,anger
734.jpg,happy
735.jpg,neutral
736.jpg,anger
737.jpg,contempt
738.jpg,sad
739.jpg,neutral
740.jpg,surprise
741.jpg,happy
742.jpg,happy
743.jpg,uncertain
744.jpg,anger
745.jpg,neutral
746.jpg,uncertain
747.jpg,neutral
748.jpg,neutral
749.jpg,anger
750.jpg,neutral
751.jpg,sad
752.jpg,surprise
753.jpg,surprise
754.jpg,surprise
755.jpg,anger
756.jpg,sad
757.jpg,sad
758.jpg,neutral
759.jpg,neutral
760.jpg,neutral
761.jpg,happy
762.jpg,fear
763.jpg,sad
764.jpg,surprise
765.jpg,contempt
766.jpg,neutral
767.jpg,anger
768.jpg,neutral
769.jpg,happy
770.jpg,contempt
771.jpg,contempt
772.jpg,happy
773.jpg,surprise
774.jpg,anger
775.jpg,sad
776.jpg,neutral
777.jpg,contempt
778.jpg,disgust
779.jpg,sad
780.jpg,sad
781.jpg,happy
782.jpg,sad
783.jpg,uncertain
784.jpg,fear
785.jpg,disgust
786.jpg,surprise
787.jpg,anger
788.jpg,sad
789.jpg,fear
790.jpg,surprise
791.jpg,uncertain
792.jpg,neutral
793.jpg,anger
794.jpg,anger
795.jpg,happy
796.jpg,anger
797.jpg,surprise
798.jpg,neutral
799.jpg,anger
800.jpg,disgust
801.jpg,uncertain
802.jpg,happy
803.jpg,fear
804.jpg,uncertain
805.jpg,surprise
806.jpg,surprise
807.jpg,fear
808.jpg,neutral
809.jpg,happy
810.jpg,contempt
811.jpg,fear
812.jpg,disgust
813.jpg,surprise
814.jpg,sad
815.jpg,sad
816.jpg,disgust
817.jpg,contempt
818.jpg,uncertain
819.jpg,happy
820.jpg,uncertain
821.jpg,uncertain
822.jpg,surprise
823.jpg,surprise
824.jpg,neutral
825.jpg,sad
826.jpg,uncertain
827.jpg,surprise
828.jpg,disgust
829.jpg,neutral
830.jpg,sad
831.jpg,happy
832.jpg,anger
833.jpg,uncertain
834.jpg,uncertain
835.jpg,anger
836.jpg,sad
837.jpg,neutral
838.jpg,anger
839.jpg,disgust
840.jpg,contempt
841.jpg,anger
842.jpg,surprise
843.jpg,contempt
844.jpg,anger
845.jpg,uncertain
846.jpg,happy
847.jpg,neutral
848.jpg,anger
849.jpg,neutral
850.jpg,fear
851.jpg,uncertain
852.jpg,anger
853.jpg,sad
854.jpg,anger
855.jpg,anger
856.jpg,sad
857.jpg,anger
858.jpg,surprise
859.jpg,anger
860.jpg,disgust
861.jpg,sad
862.jpg,anger
863.jpg,fear
864.jpg,happy
865.jpg,happy
866.jpg,happy
867.jpg,neutral
868.jpg,disgust
869.jpg,neutral
870.jpg,happy
871.jpg,anger
872.jpg,uncertain
873.jpg,surprise
874.jpg,sad
875.jpg,anger
876.jpg,anger
877.jpg,neutral
878.jpg,sad
879.jpg,anger
880.jpg,sad
881.jpg,contempt
882.jpg,neutral
883.jpg,sad
884.jpg,neutral
885.jpg,sad
886.jpg,neutral
887.jpg,anger
888.jpg,anger
889.jpg,neutral
890.jpg,sad
891.jpg,disgust
892.jpg,disgust
893.jpg,sad
894.jpg,anger
895.jpg,fear
896.jpg,happy
897.jpg,sad
898.jpg,neutral
899.jpg,happy
900.jpg,neutral
901.jpg,sad
902.jpg,sad
903.jpg,surprise
904.jpg,uncertain
905.jpg,happy
906.jpg,neutral
907.jpg,uncertain
908.jpg,fear
909.jpg,anger
910.jpg,surprise
911.jpg,anger
912.jpg,uncertain
913.jpg,sad
914.jpg,uncertain
915.jpg,neutral
916.jpg,sad
917.jpg,sad
918.jpg,happy
919.jpg,anger
920.jpg,sad
921.jpg,anger
922.jpg,anger
923.jpg,surprise
924.jpg,surprise
925.jpg,uncertain
926.jpg,contempt
927.jpg,anger
928.jpg,happy
929.jpg,fear
930.jpg,anger
931.jpg,uncertain
932.jpg,neutral
933.jpg,neutral
934.jpg,happy
935.jpg,sad
936.jpg,fear
937.jpg,sad
938.jpg,anger
939.jpg,contempt
940.jpg,sad
941.jpg,happy
942.jpg,anger
943.jpg,fear
944.jpg,neutral
945.jpg,surprise
946.jpg,contempt
947.jpg,happy
948.jpg,disgust
949.jpg,happy
950.jpg,neutral
951.jpg,surprise
952.jpg,sad
953.jpg,surprise
954.jpg,anger
955.jpg,anger
956.jpg,sad
957.jpg,surprise
958.jpg,anger
959.jpg,surprise
960.jpg,neutral
961.jpg,uncertain
962.jpg,anger
963.jpg,neutral
964.jpg,anger
965.jpg,sad
966.jpg,anger
967.jpg,fear
968.jpg,happy
969.jpg,anger
970.jpg,uncertain
971.jpg,happy
972.jpg,neutral
973.jpg,disgust
974.jpg,surprise
975.jpg,neutral
976.jpg,surprise
977.jpg,happy
978.jpg,sad
979.jpg,uncertain
980.jpg,disgust
981.jpg,anger
982.jpg,neutral
983.jpg,anger
984.jpg,sad
985.jpg,contempt
986.jpg,sad
987.jpg,disgust
988.jpg,uncertain
989.jpg,surprise
990.jpg,neutral
991.jpg,surprise
992.jpg,happy
993.jpg,happy
994.jpg,fear
995.jpg,happy
996.jpg,happy
997.jpg,anger
998.jpg,neutral
999.jpg,surprise
1000.jpg,happy
1001.jpg,sad
1002.jpg,contempt
1003.jpg,sad
1004.jpg,fear
1005.jpg,neutral
1006.jpg,surprise
1007.jpg,neutral
1008.jpg,neutral
1009.jpg,surprise
1010.jpg,fear
1011.jpg,uncertain
1012.jpg,sad
1013.jpg,happy
1014.jpg,happy
1015.jpg,happy
1016.jpg,anger
1017.jpg,contempt
1018.jpg,neutral
1019.jpg,uncertain
1020.jpg,fear
1021.jpg,fear
1022.jpg,contempt
1023.jpg,neutral
1024.jpg,fear
1025.jpg,happy
1026.jpg,anger
1027.jpg,anger
1028.jpg,disgust
1029.jpg,uncertain
1030.jpg,sad
1031.jpg,surprise
1032.jpg,neutral
1033.jpg,neutral
1034.jpg,surprise
1035.jpg,surprise
1036.jpg,anger
1037.jpg,surprise
1038.jpg,fear
1039.jpg,neutral
1040.jpg,sad
1041.jpg,contempt
1042.jpg,anger
1043.jpg,uncertain
1044.jpg,anger
1045.jpg,happy
1046.jpg,anger
1047.jpg,neutral
1048.jpg,happy
1049.jpg,contempt
1050.jpg,happy
1051.jpg,surprise
1052.jpg,neutral
1053.jpg,surprise
1054.jpg,neutral
1055.jpg,sad
1056.jpg,happy
1057.jpg,uncertain
1058.jpg,fear
1059.jpg,neutral
1060.jpg,neutral
1061.jpg,disgust
1062.jpg,uncertain
1063.jpg,uncertain
1064.jpg,neutral
1065.jpg,neutral
1066.jpg,happy
1067.jpg,neutral
1068.jpg,neutral
1069.jpg,contempt
1070.jpg,neutral
1071.jpg,neutral
1072.jpg,fear
1073.jpg,sad
1074.jpg,anger
1075.jpg,uncertain
1076.jpg,sad
1077.jpg,neutral
1078.jpg,happy
1079.jpg,happy
1080.jpg,anger
1081.jpg,surprise
1082.jpg,anger
1083.jpg,anger
1084.jpg,sad
1085.jpg,contempt
1086.jpg,anger
1087.jpg,anger
1088.jpg,surprise
1089.jpg,neutral
1090.jpg,happy
1091.jpg,surprise
1092.jpg,anger
1093.jpg,fear
1094.jpg,disgust
1095.jpg,fear
1096.jpg,neutral
1097.jpg,surprise
1098.jpg,anger
1099.jpg,sad
1100.jpg,anger
1101.jpg,happy
1102.jpg,surprise
1103.jpg,fear
1104.jpg,surprise
1105.jpg,uncertain
1106.jpg,happy
1107.jpg,happy
1108.jpg,fear
1109.jpg,surprise
1110.jpg,sad
1111.jpg,anger
1112.jpg,uncertain
1113.jpg,surprise
1114.jpg,sad
1115.jpg,sad
1116.jpg,neutral
1117.jpg,surprise
1118.jpg,uncertain
1119.jpg,surprise
1120.jpg,sad
1121.jpg,uncertain
1122.jpg,surprise
1123.jpg,neutral
1124.jpg,neutral
1125.jpg,sad
1126.jpg,surprise
1127.jpg,neutral
1128.jpg,happy
1129.jpg,happy
1130.jpg,neutral
1131.jpg,uncertain
1132.jpg,anger
1133.jpg,anger
1134.jpg,neutral
1135.jpg,surprise
1136.jpg,uncertain
1137.jpg,fear
1138.jpg,surprise
1139.jpg,sad
1140.jpg,sad
1141.jpg,surprise
1142.jpg,anger
1143.jpg,neutral
1144.jpg,fear
1145.jpg,neutral
1146.jpg,anger
1147.jpg,neutral
1148.jpg,sad
1149.jpg,fear
1150.jpg,disgust
1151.jpg,surprise
1152.jpg,uncertain
1153.jpg,happy
1154.jpg,sad
1155.jpg,anger
1156.jpg,anger
1157.jpg,uncertain
1158.jpg,surprise
1159.jpg,anger
1160.jpg,surprise
1161.jpg,fear
1162.jpg,sad
1163.jpg,neutral
1164.jpg,surprise
1165.jpg,surprise
1166.jpg,happy
1167.jpg,anger
1168.jpg,happy
1169.jpg,disgust
1170.jpg,happy
1171.jpg,happy
1172.jpg,contempt
1173.jpg,sad
1174.jpg,contempt
1175.jpg,sad
1176.jpg,neutral
1177.jpg,surprise
1178.jpg,disgust
1179.jpg,fear
1180.jpg,contempt
1181.jpg,anger
1182.jpg,surprise
1183.jpg,happy
1184.jpg,happy
1185.jpg,anger
1186.jpg,anger
1187.jpg,neutral
1188.jpg,happy
1189.jpg,neutral
1190.jpg,uncertain
1191.jpg,anger
1192.jpg,fear
1193.jpg,sad
1194.jpg,anger
1195.jpg,neutral
1196.jpg,disgust
1197.jpg,fear
1198.jpg,sad
1199.jpg,happy
1200.jpg,disgust
1201.jpg,happy
1202.jpg,neutral
1203.jpg,happy
1204.jpg,neutral
1205.jpg,contempt
1206.jpg,sad
1207.jpg,sad
1208.jpg,anger
1209.jpg,contempt
1210.jpg,neutral
1211.jpg,neutral
1212.jpg,anger
1213.jpg,neutral
1214.jpg,fear
1215.jpg,sad
1216.jpg,uncertain
1217.jpg,sad
1218.jpg,anger
1219.jpg,neutral
1220.jpg,sad
1221.jpg,disgust
1222.jpg,anger
1223.jpg,uncertain
1224.jpg,neutral
1225.jpg,happy
1226.jpg,surprise
1227.jpg,sad
1228.jpg,sad
1229.jpg,uncertain
1230.jpg,sad
1231.jpg,happy
1232.jpg,surprise
1233.jpg,neutral
1234.jpg,anger
1235.jpg,neutral
1236.jpg,surprise
1237.jpg,neutral
1238.jpg,sad
1239.jpg,sad
1240.jpg,contempt
1241.jpg,disgust
1242.jpg,sad
1243.jpg,neutral
1244.jpg,happy
1245.jpg,surprise
1246.jpg,neutral
1247.jpg,uncertain
1248.jpg,fear
1249.jpg,fear
1250.jpg,happy
1251.jpg,surprise
1252.jpg,anger
1253.jpg,contempt
1254.jpg,fear
1255.jpg,fear
1256.jpg,surprise
1257.jpg,anger
1258.jpg,surprise
1259.jpg,anger
1260.jpg,uncertain
1261.jpg,neutral
1262.jpg,happy
1263.jpg,disgust
1264.jpg,happy
1265.jpg,happy
1266.jpg,anger
1267.jpg,happy
1268.jpg,disgust
1269.jpg,anger
1270.jpg,uncertain
1271.jpg,anger
1272.jpg,neutral
1273.jpg,happy
1274.jpg,neutral
1275.jpg,sad
1276.jpg,contempt
1277.jpg,surprise
1278.jpg,happy
1279.jpg,fear
1280.jpg,uncertain
1281.jpg,surprise
1282.jpg,surprise
1283.jpg,surprise
1284.jpg,sad
1285.jpg,neutral
1286.jpg,fear
1287.jpg,surprise
1288.jpg,happy
1289.jpg,uncertain
1290.jpg,uncertain
1291.jpg,uncertain
1292.jpg,neutral
1293.jpg,happy
1294.jpg,anger
1295.jpg,uncertain
1296.jpg,neutral
1297.jpg,surprise
1298.jpg,anger
1299.jpg,happy
1300.jpg,anger
1301.jpg,happy
1302.jpg,contempt
1303.jpg,sad
1304.jpg,surprise
1305.jpg,happy
1306.jpg,surprise
1307.jpg,sad
1308.jpg,contempt
1309.jpg,happy
1310.jpg,surprise
1311.jpg,surprise
1312.jpg,fear
1313.jpg,disgust
1314.jpg,happy
1315.jpg,disgust
1316.jpg,sad
1317.jpg,sad
1318.jpg,neutral
1319.jpg,uncertain
1320.jpg,neutral
1321.jpg,sad
1322.jpg,anger
1323.jpg,neutral
1324.jpg,neutral
1325.jpg,anger
1326.jpg,anger
1327.jpg,anger
1328.jpg,surprise
1329.jpg,uncertain
1330.jpg,surprise
1331.jpg,uncertain
1332.jpg,anger
1333.jpg,happy
1334.jpg,anger
1335.jpg,uncertain
1336.jpg,uncertain
1337.jpg,fear
1338.jpg,neutral
1339.jpg,sad
1340.jpg,fear
1341.jpg,happy
1342.jpg,neutral
1343.jpg,neutral
1344.jpg,contempt
1345.jpg,sad
1346.jpg,happy
1347.jpg,anger
1348.jpg,anger
1349.jpg,happy
1350.jpg,contempt
1351.jpg,sad
1352.jpg,sad
1353.jpg,neutral
1354.jpg,uncertain
1355.jpg,uncertain
1356.jpg,sad
1357.jpg,happy
1358.jpg,anger
1359.jpg,anger
1360.jpg,sad
1361.jpg,sad
1362.jpg,uncertain
1363.jpg,uncertain
1364.jpg,fear
1365.jpg,anger
1366.jpg,anger
1367.jpg,anger
1368.jpg,uncertain
1369.jpg,happy
1370.jpg,surprise
1371.jpg,anger
1372.jpg,happy
1373.jpg,surprise
1374.jpg,anger
1375.jpg,neutral
1376.jpg,disgust
1377.jpg,uncertain
1378.jpg,surprise
1379.jpg,fear
1380.jpg,fear
1381.jpg,sad
1382.jpg,neutral
1383.jpg,fear
1384.jpg,anger
1385.jpg,neutral
1386.jpg,happy
1387.jpg,uncertain
1388.jpg,fear
1389.jpg,fear
1390.jpg,fear
1391.jpg,uncertain
1392.jpg,sad
1393.jpg,fear
1394.jpg,anger
1395.jpg,disgust
1396.jpg,anger
1397.jpg,uncertain
1398.jpg,sad
1399.jpg,happy
1400.jpg,happy
1401.jpg,fear
1402.jpg,contempt
1403.jpg,anger
1404.jpg,sad
1405.jpg,uncertain
1406.jpg,surprise
1407.jpg,disgust
1408.jpg,anger
1409.jpg,fear
1410.jpg,sad
1411.jpg,anger
1412.jpg,sad
1413.jpg,surprise
1414.jpg,happy
1415.jpg,anger
1416.jpg,happy
1417.jpg,fear
1418.jpg,anger
1419.jpg,neutral
1420.jpg,anger
1421.jpg,sad
1422.jpg,surprise
1423.jpg,happy
1424.jpg,anger
1425.jpg,disgust
1426.jpg,sad
1427.jpg,sad
1428.jpg,surprise
1429.jpg,anger
1430.jpg,contempt
1431.jpg,fear
1432.jpg,happy
1433.jpg,anger
1434.jpg,sad
1435.jpg,happy
1436.jpg,happy
1437.jpg,fear
1438.jpg,uncertain
1439.jpg,contempt
1440.jpg,sad
1441.jpg,contempt
1442.jpg,fear
1443.jpg,happy
1444.jpg,happy
1445.jpg,surprise
1446.jpg,uncertain
1447.jpg,uncertain
1448.jpg,anger
1449.jpg,uncertain
1450.jpg,surprise
1451.jpg,surprise
1452.jpg,disgust
1453.jpg,surprise
1454.jpg,anger
1455.jpg,uncertain
1456.jpg,surprise
1457.jpg,happy
1458.jpg,fear
1459.jpg,happy
1460.jpg,neutral
1461.jpg,happy
1462.jpg,contempt
1463.jpg,uncertain
1464.jpg,anger
1465.jpg,uncertain
1466.jpg,happy
1467.jpg,surprise
1468.jpg,anger
1469.jpg,neutral
1470.jpg,neutral
1471.jpg,happy
1472.jpg,surprise
1473.jpg,fear
1474.jpg,surprise
1475.jpg,uncertain
1476.jpg,anger
1477.jpg,contempt
1478.jpg,surprise
1479.jpg,anger
1480.jpg,anger
1481.jpg,neutral
1482.jpg,neutral
1483.jpg,uncertain
1484.jpg,surprise
1485.jpg,happy
1486.jpg,sad
1487.jpg,surprise
1488.jpg,neutral
1489.jpg,anger
1490.jpg,neutral
1491.jpg,anger
1492.jpg,surprise
1493.jpg,neutral
1494.jpg,fear
1495.jpg,anger
1496.jpg,fear
1497.jpg,contempt
1498.jpg,happy
1499.jpg,happy
1500.jpg,happy
1501.jpg,happy
1502.jpg,neutral
1503.jpg,contempt
1504.jpg,happy
1505.jpg,disgust
1506.jpg,happy
1507.jpg,neutral
1508.jpg,surprise
1509.jpg,sad
1510.jpg,fear
1511.jpg,sad
1512.jpg,happy
1513.jpg,anger
1514.jpg,disgust
1515.jpg,disgust
1516.jpg,anger
1517.jpg,disgust
1518.jpg,neutral
1519.jpg,neutral
1520.jpg,happy
1521.jpg,happy
1522.jpg,anger
1523.jpg,anger
1524.jpg,uncertain
1525.jpg,sad
1526.jpg,disgust
1527.jpg,neutral
1528.jpg,neutral
1529.jpg,surprise
1530.jpg,happy
1531.jpg,neutral
1532.jpg,anger
1533.jpg,happy
1534.jpg,neutral
1535.jpg,surprise
1536.jpg,happy
1537.jpg,neutral
1538.jpg,anger
1539.jpg,uncertain
1540.jpg,sad
1541.jpg,anger
1542.jpg,fear
1543.jpg,happy
1544.jpg,surprise
1545.jpg,surprise
1546.jpg,happy
1547.jpg,uncertain
1548.jpg,surprise
1549.jpg,uncertain
1550.jpg,sad
1551.jpg,surprise
1552.jpg,neutral
1553.jpg,anger
1554.jpg,surprise
1555.jpg,sad
1556.jpg,disgust
1557.jpg,sad
1558.jpg,happy
1559.jpg,sad
1560.jpg,uncertain
1561.jpg,anger
1562.jpg,happy
1563.jpg,contempt
1564.jpg,neutral
1565.jpg,happy
1566.jpg,neutral
1567.jpg,anger
1568.jpg,uncertain
1569.jpg,happy
1570.jpg,neutral
1571.jpg,uncertain
1572.jpg,fear
1573.jpg,anger
1574.jpg,contempt
1575.jpg,anger
1576.jpg,sad
1577.jpg,anger
1578.jpg,happy
1579.jpg,fear
1580.jpg,happy
1581.jpg,surprise
1582.jpg,surprise
1583.jpg,fear
1584.jpg,neutral
1585.jpg,fear
1586.jpg,sad
1587.jpg,fear
1588.jpg,surprise
1589.jpg,sad
1590.jpg,anger
1591.jpg,fear
1592.jpg,surprise
1593.jpg,surprise
1594.jpg,neutral
1595.jpg,surprise
1596.jpg,happy
1597.jpg,sad
1598.jpg,happy
1599.jpg,happy
1600.jpg,happy
1601.jpg,neutral
1602.jpg,fear
1603.jpg,neutral
1604.jpg,anger
1605.jpg,contempt
1606.jpg,anger
1607.jpg,surprise
1608.jpg,sad
1609.jpg,happy
1610.jpg,anger
1611.jpg,happy
1612.jpg,surprise
1613.jpg,happy
1614.jpg,neutral
1615.jpg,sad
1616.jpg,happy
1617.jpg,anger
1618.jpg,uncertain
1619.jpg,surprise
1620.jpg,neutral
1621.jpg,surprise
1622.jpg,happy
1623.jpg,uncertain
1624.jpg,neutral
1625.jpg,anger
1626.jpg,anger
1627.jpg,sad
1628.jpg,neutral
1629.jpg,uncertain
1630.jpg,uncertain
1631.jpg,anger
1632.jpg,uncertain
1633.jpg,fear
1634.jpg,uncertain
1635.jpg,surprise
1636.jpg,uncertain
1637.jpg,anger
1638.jpg,uncertain
1639.jpg,anger
1640.jpg,uncertain
1641.jpg,surprise
1642.jpg,uncertain
1643.jpg,happy
1644.jpg,uncertain
1645.jpg,anger
1646.jpg,happy
1647.jpg,surprise
1648.jpg,surprise
1649.jpg,neutral
1650.jpg,fear
1651.jpg,uncertain
1652.jpg,neutral
1653.jpg,anger
1654.jpg,anger
1655.jpg,fear
1656.jpg,neutral
1657.jpg,disgust
1658.jpg,happy
1659.jpg,uncertain
1660.jpg,anger
1661.jpg,happy
1662.jpg,surprise
1663.jpg,happy
1664.jpg,sad
1665.jpg,happy
1666.jpg,contempt
1667.jpg,happy
1668.jpg,anger
1669.jpg,uncertain
1670.jpg,sad
1671.jpg,happy
1672.jpg,disgust
1673.jpg,surprise
1674.jpg,happy
1675.jpg,uncertain
1676.jpg,neutral
1677.jpg,surprise
1678.jpg,uncertain
1679.jpg,sad
1680.jpg,uncertain
1681.jpg,anger
1682.jpg,sad
1683.jpg,happy
1684.jpg,anger
1685.jpg,fear
1686.jpg,anger
1687.jpg,disgust
1688.jpg,anger
1689.jpg,uncertain
1690.jpg,neutral
1691.jpg,anger
1692.jpg,contempt
1693.jpg,anger
1694.jpg,neutral
1695.jpg,fear
1696.jpg,uncertain
1697.jpg,sad
1698.jpg,anger
1699.jpg,disgust
1700.jpg,happy
1701.jpg,sad
1702.jpg,neutral
1703.jpg,neutral
1704.jpg,sad
1705.jpg,anger
1706.jpg,sad
1707.jpg,sad
1708.jpg,uncertain
1709.jpg,surprise
1710.jpg,surprise
1711.jpg,sad
1712.jpg,neutral
1713.jpg,neutral
1714.jpg,happy
1715.jpg,anger
1716.jpg,happy
1717.jpg,surprise
1718.jpg,disgust
1719.jpg,surprise
1720.jpg,neutral
1721.jpg,contempt
1722.jpg,anger
1723.jpg,uncertain
1724.jpg,happy
1725.jpg,fear
1726.jpg,disgust
1727.jpg,surprise
1728.jpg,anger
1729.jpg,surprise
1730.jpg,neutral
1731.jpg,uncertain
1732.jpg,sad
1733.jpg,happy
1734.jpg,neutral
1735.jpg,happy
1736.jpg,sad
1737.jpg,fear
1738.jpg,fear
1739.jpg,surprise
1740.jpg,uncertain
1741.jpg,uncertain
1742.jpg,neutral
1743.jpg,happy
1744.jpg,neutral
1745.jpg,contempt
1746.jpg,sad
1747.jpg,happy
1748.jpg,surprise
1749.jpg,surprise
1750.jpg,surprise
1751.jpg,fear
1752.jpg,neutral
1753.jpg,anger
1754.jpg,disgust
1755.jpg,happy
1756.jpg,anger
1757.jpg,sad
1758.jpg,anger
1759.jpg,neutral
1760.jpg,neutral
1761.jpg,anger
1762.jpg,sad
1763.jpg,happy
1764.jpg,neutral
1765.jpg,surprise
1766.jpg,sad
1767.jpg,surprise
1768.jpg,surprise
1769.jpg,happy
1770.jpg,neutral
1771.jpg,uncertain
1772.jpg,surprise
1773.jpg,neutral
1774.jpg,surprise
1775.jpg,uncertain
1776.jpg,disgust
1777.jpg,anger
1778.jpg,surprise
1779.jpg,neutral
1780.jpg,neutral
1781.jpg,neutral
1782.jpg,surprise
1783.jpg,neutral
1784.jpg,happy
1785.jpg,disgust
1786.jpg,fear
1787.jpg,sad
1788.jpg,sad
1789.jpg,happy
1790.jpg,happy
1791.jpg,contempt
1792.jpg,uncertain
1793.jpg,neutral
1794.jpg,happy
1795.jpg,happy
1796.jpg,uncertain
1797.jpg,happy
1798.jpg,sad
1799.jpg,happy
1800.jpg,disgust
1801.jpg,sad
1802.jpg,surprise
1803.jpg,sad
1804.jpg,uncertain
1805.jpg,anger
1806.jpg,disgust
1807.jpg,happy
1808.jpg,anger
1809.jpg,sad
1810.jpg,disgust
1811.jpg,happy
1812.jpg,disgust
1813.jpg,sad
1814.jpg,happy
1815.jpg,happy
1816.jpg,contempt
1817.jpg,uncertain
1818.jpg,happy
1819.jpg,uncertain
1820.jpg,anger
1821.jpg,sad
1822.jpg,neutral
1823.jpg,neutral
1824.jpg,happy
1825.jpg,fear
1826.jpg,anger
1827.jpg,happy
1828.jpg,neutral
1829.jpg,uncertain
1830.jpg,contempt
1831.jpg,fear
1832.jpg,surprise
1833.jpg,sad
1834.jpg,happy
1835.jpg,surprise
1836.jpg,uncertain
1837.jpg,surprise
1838.jpg,disgust
1839.jpg,contempt
1840.jpg,uncertain
1841.jpg,uncertain
1842.jpg,happy
1843.jpg,surprise
1844.jpg,sad
1845.jpg,happy
1846.jpg,surprise
1847.jpg,happy
1848.jpg,uncertain
1849.jpg,surprise
1850.jpg,neutral
1851.jpg,sad
1852.jpg,uncertain
1853.jpg,disgust
1854.jpg,uncertain
1855.jpg,uncertain
1856.jpg,anger
1857.jpg,sad
1858.jpg,happy
1859.jpg,fear
1860.jpg,happy
1861.jpg,happy
1862.jpg,disgust
1863.jpg,neutral
1864.jpg,surprise
1865.jpg,neutral
1866.jpg,happy
1867.jpg,anger
1868.jpg,surprise
1869.jpg,neutral
1870.jpg,happy
1871.jpg,sad
1872.jpg,surprise
1873.jpg,sad
1874.jpg,anger
1875.jpg,fear
1876.jpg,surprise
1877.jpg,happy
1878.jpg,sad
1879.jpg,neutral
1880.jpg,disgust
1881.jpg,fear
1882.jpg,sad
1883.jpg,surprise
1884.jpg,neutral
1885.jpg,fear
1886.jpg,surprise
1887.jpg,neutral
1888.jpg,uncertain
1889.jpg,happy
1890.jpg,happy
1891.jpg,happy
1892.jpg,anger
1893.jpg,happy
1894.jpg,anger
1895.jpg,anger
1896.jpg,contempt
1897.jpg,uncertain
1898.jpg,surprise
1899.jpg,surprise
1900.jpg,surprise
1901.jpg,fear
1902.jpg,neutral
1903.jpg,uncertain
1904.jpg,disgust
1905.jpg,surprise
1906.jpg,neutral
1907.jpg,neutral
1908.jpg,uncertain
1909.jpg,disgust
1910.jpg,anger
1911.jpg,contempt
1912.jpg,disgust
1913.jpg,happy
1914.jpg,uncertain
1915.jpg,happy
1916.jpg,surprise
1917.jpg,fear
1918.jpg,anger
1919.jpg,happy
1920.jpg,sad
1921.jpg,happy
1922.jpg,neutral
1923.jpg,uncertain
1924.jpg,uncertain
1925.jpg,uncertain
1926.jpg,anger
1927.jpg,neutral
1928.jpg,sad
1929.jpg,fear
1930.jpg,uncertain
1931.jpg,fear
1932.jpg,fear
1933.jpg,anger
1934.jpg,sad
1935.jpg,sad
1936.jpg,happy
1937.jpg,happy
1938.jpg,disgust
1939.jpg,anger
1940.jpg,anger
1941.jpg,neutral
1942.jpg,neutral
1943.jpg,neutral
1944.jpg,disgust
1945.jpg,fear
1946.jpg,uncertain
1947.jpg,contempt
1948.jpg,uncertain
1949.jpg,neutral
1950.jpg,surprise
1951.jpg,happy
1952.jpg,disgust
1953.jpg,sad
1954.jpg,fear
1955.jpg,sad
1956.jpg,sad
1957.jpg,neutral
1958.jpg,fear
1959.jpg,neutral
1960.jpg,surprise
1961.jpg,anger
1962.jpg,disgust
1963.jpg,happy
1964.jpg,neutral
1965.jpg,sad
1966.jpg,happy
1967.jpg,happy
1968.jpg,uncertain
1969.jpg,surprise
1970.jpg,sad
1971.jpg,anger
1972.jpg,disgust
1973.jpg,surprise
1974.jpg,uncertain
1975.jpg,anger
1976.jpg,anger
1977.jpg,uncertain
1978.jpg,surprise
1979.jpg,surprise
1980.jpg,surprise
1981.jpg,contempt
1982.jpg,contempt
1983.jpg,sad
1984.jpg,neutral
1985.jpg,uncertain
1986.jpg,neutral
1987.jpg,anger
1988.jpg,anger
1989.jpg,uncertain
1990.jpg,anger
1991.jpg,fear
1992.jpg,neutral
1993.jpg,fear
1994.jpg,anger
1995.jpg,anger
1996.jpg,sad
1997.jpg,surprise
1998.jpg,anger
1999.jpg,fear
2000.jpg,fear
2001.jpg,disgust
2002.jpg,sad
2003.jpg,happy
2004.jpg,uncertain
2005.jpg,uncertain
2006.jpg,neutral
2007.jpg,neutral
2008.jpg,happy
2009.jpg,sad
2010.jpg,disgust
2011.jpg,anger
2012.jpg,happy
2013.jpg,sad
2014.jpg,happy
2015.jpg,happy
2016.jpg,anger
2017.jpg,neutral
2018.jpg,anger
2019.jpg,anger
2020.jpg,happy
2021.jpg,fear
2022.jpg,uncertain
2023.jpg,uncertain
2024.jpg,sad
2025.jpg,contempt
2026.jpg,surprise
2027.jpg,anger
2028.jpg,uncertain
2029.jpg,happy
2030.jpg,sad
2031.jpg,neutral
2032.jpg,uncertain
2033.jpg,sad
2034.jpg,neutral
2035.jpg,disgust
2036.jpg,happy
2037.jpg,surprise
2038.jpg,neutral
2039.jpg,fear
2040.jpg,surprise
2041.jpg,neutral
2042.jpg,happy
2043.jpg,happy
2044.jpg,neutral
2045.jpg,happy
2046.jpg,anger
2047.jpg,happy
2048.jpg,neutral
2049.jpg,sad
2050.jpg,fear
2051.jpg,sad
2052.jpg,anger
2053.jpg,sad
2054.jpg,uncertain
2055.jpg,neutral
2056.jpg,uncertain
2057.jpg,fear
2058.jpg,sad
2059.jpg,uncertain
2060.jpg,disgust
2061.jpg,uncertain
2062.jpg,uncertain
2063.jpg,neutral
2064.jpg,anger
2065.jpg,fear
2066.jpg,happy
2067.jpg,happy
2068.jpg,neutral
2069.jpg,disgust
2070.jpg,surprise
2071.jpg,neutral
2072.jpg,surprise
2073.jpg,sad
2074.jpg,neutral
2075.jpg,anger
2076.jpg,surprise
2077.jpg,disgust
2078.jpg,anger
2079.jpg,disgust
2080.jpg,sad
2081.jpg,happy
2082.jpg,neutral
2083.jpg,happy
2084.jpg,anger
2085.jpg,sad
2086.jpg,sad
2087.jpg,sad
2088.jpg,happy
2089.jpg,anger
2090.jpg,surprise
2091.jpg,happy
2092.jpg,contempt
2093.jpg,anger
2094.jpg,neutral
2095.jpg,happy
2096.jpg,neutral
2097.jpg,sad
2098.jpg,sad
2099.jpg,disgust
2100.jpg,sad
2101.jpg,surprise
2102.jpg,contempt
2103.jpg,surprise
2104.jpg,uncertain
2105.jpg,sad
2106.jpg,uncertain
2107.jpg,fear
2108.jpg,neutral
2109.jpg,anger
2110.jpg,sad
2111.jpg,happy
2112.jpg,happy
2113.jpg,neutral
2114.jpg,neutral
2115.jpg,disgust
2116.jpg,surprise
2117.jpg,surprise
2118.jpg,sad
2119.jpg,neutral
2120.jpg,neutral
2121.jpg,surprise
2122.jpg,neutral
2123.jpg,neutral
2124.jpg,neutral
2125.jpg,surprise
2126.jpg,uncertain
2127.jpg,anger
2128.jpg,surprise
2129.jpg,disgust
2130.jpg,disgust
2131.jpg,anger
2132.jpg,fear
2133.jpg,anger
2134.jpg,uncertain
2135.jpg,anger
2136.jpg,happy
2137.jpg,fear
2138.jpg,uncertain
2139.jpg,uncertain
2140.jpg,sad
2141.jpg,anger
2142.jpg,uncertain
2143.jpg,sad
2144.jpg,surprise
2145.jpg,fear
2146.jpg,neutral
2147.jpg,uncertain
2148.jpg,happy
2149.jpg,neutral
2150.jpg,neutral
2151.jpg,neutral
2152.jpg,anger
2153.jpg,sad
2154.jpg,surprise
2155.jpg,uncertain
2156.jpg,happy
2157.jpg,neutral
2158.jpg,sad
2159.jpg,neutral
2160.jpg,neutral
2161.jpg,contempt
2162.jpg,happy
2163.jpg,uncertain
2164.jpg,uncertain
2165.jpg,anger
2166.jpg,happy
2167.jpg,surprise
2168.jpg,uncertain
2169.jpg,neutral
2170.jpg,fear
2171.jpg,happy
2172.jpg,anger
2173.jpg,neutral
2174.jpg,disgust
2175.jpg,happy
2176.jpg,sad
2177.jpg,neutral
2178.jpg,happy
2179.jpg,surprise
2180.jpg,surprise
2181.jpg,disgust
2182.jpg,anger
2183.jpg,happy
2184.jpg,uncertain
2185.jpg,surprise
2186.jpg,anger
2187.jpg,neutral
2188.jpg,anger
2189.jpg,surprise
2190.jpg,uncertain
2191.jpg,fear
2192.jpg,surprise
2193.jpg,neutral
2194.jpg,anger
2195.jpg,happy
2196.jpg,surprise
2197.jpg,sad
2198.jpg,neutral
2199.jpg,happy
2200.jpg,sad
2201.jpg,neutral
2202.jpg,sad
2203.jpg,surprise
2204.jpg,neutral
2205.jpg,neutral
2206.jpg,happy
2207.jpg,sad
2208.jpg,fear
2209.jpg,uncertain
2210.jpg,uncertain
2211.jpg,fear
2212.jpg,anger
2213.jpg,sad
2214.jpg,contempt
2215.jpg,surprise
2216.jpg,surprise
2217.jpg,fear
2218.jpg,surprise
2219.jpg,uncertain
2220.jpg,anger
2221.jpg,anger
2222.jpg,uncertain
2223.jpg,anger
2224.jpg,anger
2225.jpg,anger
2226.jpg,anger
2227.jpg,happy
2228.jpg,neutral
2229.jpg,neutral
2230.jpg,happy
2231.jpg,surprise
2232.jpg,contempt
2233.jpg,happy
2234.jpg,surprise
2235.jpg,surprise
2236.jpg,fear
2237.jpg,anger
2238.jpg,neutral
2239.jpg,sad
2240.jpg,neutral
2241.jpg,happy
2242.jpg,anger
2243.jpg,happy
2244.jpg,uncertain
2245.jpg,happy
2246.jpg,sad
2247.jpg,anger
2248.jpg,happy
2249.jpg,surprise
2250.jpg,neutral
2251.jpg,anger
2252.jpg,happy
2253.jpg,happy
2254.jpg,sad
2255.jpg,happy
2256.jpg,uncertain
2257.jpg,happy
2258.jpg,fear
2259.jpg,surprise
2260.jpg,anger
2261.jpg,contempt
2262.jpg,uncertain
2263.jpg,neutral
2264.jpg,sad
2265.jpg,sad
2266.jpg,uncertain
2267.jpg,neutral
2268.jpg,happy
2269.jpg,fear
2270.jpg,fear
2271.jpg,happy
2272.jpg,neutral
2273.jpg,uncertain
2274.jpg,fear
2275.jpg,neutral
2276.jpg,surprise
2277.jpg,surprise
2278.jpg,uncertain
2279.jpg,happy
2280.jpg,uncertain
2281.jpg,happy
2282.jpg,anger
2283.jpg,surprise
2284.jpg,anger
2285.jpg,happy
2286.jpg,disgust
2287.jpg,anger
2288.jpg,neutral
2289.jpg,happy
2290.jpg,anger
2291.jpg,sad
2292.jpg,sad
2293.jpg,surprise
2294.jpg,anger
2295.jpg,surprise
2296.jpg,fear
2297.jpg,fear
2298.jpg,neutral
2299.jpg,surprise
2300.jpg,surprise
2301.jpg,anger
2302.jpg,sad
2303.jpg,neutral
2304.jpg,surprise
2305.jpg,happy
2306.jpg,fear
2307.jpg,surprise
2308.jpg,happy
2309.jpg,surprise
2310.jpg,surprise
2311.jpg,uncertain
2312.jpg,happy
2313.jpg,contempt
2314.jpg,fear
2315.jpg,anger
2316.jpg,neutral
2317.jpg,surprise
2318.jpg,anger
2319.jpg,neutral
2320.jpg,happy
2321.jpg,happy
2322.jpg,uncertain
2323.jpg,neutral
2324.jpg,anger
2325.jpg,surprise
2326.jpg,neutral
2327.jpg,happy
2328.jpg,surprise
2329.jpg,happy
2330.jpg,anger
2331.jpg,anger
2332.jpg,neutral
2333.jpg,disgust
2334.jpg,happy
2335.jpg,fear
2336.jpg,contempt
2337.jpg,neutral
2338.jpg,fear
2339.jpg,surprise
2340.jpg,uncertain
2341.jpg,neutral
2342.jpg,disgust
2343.jpg,surprise
2344.jpg,neutral
2345.jpg,surprise
2346.jpg,neutral
2347.jpg,happy
2348.jpg,surprise
2349.jpg,neutral
2350.jpg,surprise
2351.jpg,fear
2352.jpg,neutral
2353.jpg,neutral
2354.jpg,fear
2355.jpg,sad
2356.jpg,uncertain
2357.jpg,neutral
2358.jpg,neutral
2359.jpg,neutral
2360.jpg,anger
2361.jpg,surprise
2362.jpg,contempt
2363.jpg,anger
2364.jpg,happy
2365.jpg,sad
2366.jpg,contempt
2367.jpg,surprise
2368.jpg,sad
2369.jpg,fear
2370.jpg,disgust
2371.jpg,disgust
2372.jpg,surprise
2373.jpg,neutral
2374.jpg,happy
2375.jpg,happy
2376.jpg,fear
2377.jpg,neutral
2378.jpg,happy
2379.jpg,neutral
2380.jpg,surprise
2381.jpg,neutral
2382.jpg,surprise
2383.jpg,disgust
2384.jpg,neutral
2385.jpg,neutral
2386.jpg,anger
2387.jpg,uncertain
2388.jpg,surprise
2389.jpg,disgust
2390.jpg,neutral
2391.jpg,neutral
2392.jpg,neutral
2393.jpg,sad
2394.jpg,anger
2395.jpg,anger
2396.jpg,anger
2397.jpg,surprise
2398.jpg,happy
2399.jpg,anger
2400.jpg,happy
2401.jpg,disgust
2402.jpg,happy
2403.jpg,anger
2404.jpg,surprise
2405.jpg,uncertain
2406.jpg,surprise
2407.jpg,fear
2408.jpg,sad
2409.jpg,sad
2410.jpg,uncertain
2411.jpg,happy
2412.jpg,fear
2413.jpg,neutral
2414.jpg,sad
2415.jpg,anger
2416.jpg,happy
2417.jpg,happy
2418.jpg,fear
2419.jpg,neutral
2420.jpg,neutral
2421.jpg,uncertain
2422.jpg,happy
2423.jpg,anger
2424.jpg,sad
2425.jpg,surprise
2426.jpg,happy
2427.jpg,disgust
2428.jpg,uncertain
2429.jpg,neutral
2430.jpg,uncertain
2431.jpg,neutral
2432.jpg,contempt
2433.jpg,happy
2434.jpg,surprise
2435.jpg,surprise
2436.jpg,neutral
2437.jpg,happy
2438.jpg,uncertain
2439.jpg,anger
2440.jpg,happy
2441.jpg,sad
2442.jpg,neutral
2443.jpg,neutral
2444.jpg,disgust
2445.jpg,happy
2446.jpg,disgust
2447.jpg,anger
2448.jpg,anger
2449.jpg,anger
2450.jpg,uncertain
2451.jpg,happy
2452.jpg,disgust
2453.jpg,neutral
2454.jpg,anger
2455.jpg,anger
2456.jpg,anger
2457.jpg,uncertain
2458.jpg,surprise
2459.jpg,anger
2460.jpg,uncertain
2461.jpg,happy
2462.jpg,uncertain
2463.jpg,happy
2464.jpg,anger
2465.jpg,happy
2466.jpg,happy
2467.jpg,surprise
2468.jpg,fear
2469.jpg,neutral
2470.jpg,anger
2471.jpg,uncertain
2472.jpg,fear
2473.jpg,uncertain
2474.jpg,fear
2475.jpg,anger
2476.jpg,anger
2477.jpg,sad
2478.jpg,anger
2479.jpg,surprise
2480.jpg,surprise
2481.jpg,uncertain
2482.jpg,sad
2483.jpg,happy
2484.jpg,uncertain
2485.jpg,uncertain
2486.jpg,happy
2487.jpg,sad
2488.jpg,happy
2489.jpg,uncertain
2490.jpg,anger
2491.jpg,neutral
2492.jpg,neutral
2493.jpg,sad
2494.jpg,happy
2495.jpg,happy
2496.jpg,sad
2497.jpg,anger
2498.jpg,surprise
2499.jpg,sad
2500.jpg,fear
2501.jpg,happy
2502.jpg,neutral
2503.jpg,uncertain
2504.jpg,uncertain
2505.jpg,anger
2506.jpg,surprise
2507.jpg,uncertain
2508.jpg,sad
2509.jpg,neutral
2510.jpg,happy
2511.jpg,neutral
2512.jpg,anger
2513.jpg,sad
2514.jpg,contempt
2515.jpg,neutral
2516.jpg,surprise
2517.jpg,sad
2518.jpg,uncertain
2519.jpg,surprise
2520.jpg,happy
2521.jpg,anger
2522.jpg,uncertain
2523.jpg,happy
2524.jpg,surprise
2525.jpg,happy
2526.jpg,surprise
2527.jpg,anger
2528.jpg,happy
2529.jpg,anger
2530.jpg,sad
2531.jpg,sad
2532.jpg,uncertain
2533.jpg,neutral
2534.jpg,fear
2535.jpg,fear
2536.jpg,neutral
2537.jpg,neutral
2538.jpg,surprise
2539.jpg,uncertain
2540.jpg,surprise
2541.jpg,happy
2542.jpg,anger
2543.jpg,happy
2544.jpg,disgust
2545.jpg,contempt
2546.jpg,happy
2547.jpg,fear
2548.jpg,surprise
2549.jpg,surprise
2550.jpg,contempt
2551.jpg,neutral
2552.jpg,contempt
2553.jpg,anger
2554.jpg,happy
2555.jpg,neutral
2556.jpg,neutral
2557.jpg,surprise
2558.jpg,neutral
2559.jpg,happy
2560.jpg,happy
2561.jpg,sad
2562.jpg,sad
2563.jpg,neutral
2564.jpg,sad
2565.jpg,sad
2566.jpg,anger
2567.jpg,fear
2568.jpg,neutral
2569.jpg,uncertain
2570.jpg,neutral
2571.jpg,uncertain
2572.jpg,sad
2573.jpg,surprise
2574.jpg,uncertain
2575.jpg,surprise
2576.jpg,disgust
2577.jpg,disgust
2578.jpg,sad
2579.jpg,uncertain
2580.jpg,fear
2581.jpg,uncertain
2582.jpg,neutral
2583.jpg,anger
2584.jpg,neutral
2585.jpg,happy
2586.jpg,happy
2587.jpg,anger
2588.jpg,uncertain
2589.jpg,uncertain
2590.jpg,disgust
2591.jpg,uncertain
2592.jpg,surprise
2593.jpg,neutral
2594.jpg,sad
2595.jpg,surprise
2596.jpg,disgust
2597.jpg,sad
2598.jpg,neutral
2599.jpg,sad
2600.jpg,happy
2601.jpg,uncertain
2602.jpg,happy
2603.jpg,surprise
2604.jpg,sad
2605.jpg,fear
2606.jpg,neutral
2607.jpg,uncertain
2608.jpg,neutral
2609.jpg,surprise
2610.jpg,disgust
2611.jpg,disgust
2612.jpg,uncertain
2613.jpg,sad
2614.jpg,surprise
2615.jpg,fear
2616.jpg,disgust
2617.jpg,happy
2618.jpg,surprise
2619.jpg,neutral
2620.jpg,happy
2621.jpg,uncertain
2622.jpg,anger
2623.jpg,sad
2624.jpg,neutral
2625.jpg,surprise
2626.jpg,neutral
2627.jpg,uncertain
2628.jpg,sad
2629.jpg,surprise
2630.jpg,surprise
2631.jpg,contempt
2632.jpg,surprise
2633.jpg,neutral
2634.jpg,sad
2635.jpg,fear
2636.jpg,disgust
2637.jpg,happy
2638.jpg,happy
2639.jpg,anger
2640.jpg,neutral
2641.jpg,neutral
2642.jpg,neutral
2643.jpg,happy
2644.jpg,happy
2645.jpg,sad
2646.jpg,sad
2647.jpg,fear
2648.jpg,uncertain
2649.jpg,contempt
2650.jpg,neutral
2651.jpg,anger
2652.jpg,neutral
2653.jpg,neutral
2654.jpg,happy
2655.jpg,happy
2656.jpg,uncertain
2657.jpg,disgust
2658.jpg,uncertain
2659.jpg,anger
2660.jpg,uncertain
2661.jpg,sad
2662.jpg,contempt
2663.jpg,anger
2664.jpg,happy
2665.jpg,sad
2666.jpg,uncertain
2667.jpg,anger
2668.jpg,anger
2669.jpg,anger
2670.jpg,surprise
2671.jpg,happy
2672.jpg,sad
2673.jpg,sad
2674.jpg,neutral
2675.jpg,sad
2676.jpg,fear
2677.jpg,disgust
2678.jpg,disgust
2679.jpg,neutral
2680.jpg,neutral
2681.jpg,disgust
2682.jpg,sad
2683.jpg,sad
2684.jpg,uncertain
2685.jpg,uncertain
2686.jpg,surprise
2687.jpg,sad
2688.jpg,neutral
2689.jpg,surprise
2690.jpg,uncertain
2691.jpg,sad
2692.jpg,neutral
2693.jpg,uncertain
2694.jpg,surprise
2695.jpg,surprise
2696.jpg,neutral
2697.jpg,anger
2698.jpg,disgust
2699.jpg,anger
2700.jpg,neutral
2701.jpg,neutral
2702.jpg,uncertain
2703.jpg,happy
2704.jpg,happy
2705.jpg,neutral
2706.jpg,anger
2707.jpg,anger
2708.jpg,anger
2709.jpg,fear
2710.jpg,sad
2711.jpg,anger
2712.jpg,anger
2713.jpg,surprise
2714.jpg,surprise
2715.jpg,surprise
2716.jpg,fear
2717.jpg,anger
2718.jpg,anger
2719.jpg,uncertain
2720.jpg,surprise
2721.jpg,anger
2722.jpg,neutral
2723.jpg,contempt
2724.jpg,uncertain
2725.jpg,happy
2726.jpg,anger
2727.jpg,sad
2728.jpg,anger
2729.jpg,fear
2730.jpg,uncertain
2731.jpg,fear
2732.jpg,neutral
2733.jpg,anger
2734.jpg,anger
2735.jpg,surprise
2736.jpg,surprise
2737.jpg,neutral
2738.jpg,fear
2739.jpg,neutral
2740.jpg,neutral
2741.jpg,uncertain
2742.jpg,surprise
2743.jpg,surprise
2744.jpg,sad
2745.jpg,uncertain
2746.jpg,sad
2747.jpg,anger
2748.jpg,anger
2749.jpg,happy
2750.jpg,surprise
2751.jpg,neutral
2752.jpg,surprise
2753.jpg,surprise
2754.jpg,surprise
2755.jpg,uncertain
2756.jpg,sad
2757.jpg,anger
2758.jpg,happy
2759.jpg,neutral
2760.jpg,sad
2761.jpg,sad
2762.jpg,neutral
2763.jpg,happy
2764.jpg,sad
2765.jpg,sad
2766.jpg,sad
2767.jpg,surprise
2768.jpg,uncertain
2769.jpg,anger
2770.jpg,uncertain
2771.jpg,anger
2772.jpg,fear
2773.jpg,sad
2774.jpg,happy
2775.jpg,neutral
2776.jpg,happy
2777.jpg,surprise
2778.jpg,anger
2779.jpg,anger
2780.jpg,surprise
2781.jpg,sad
2782.jpg,fear
2783.jpg,anger
2784.jpg,neutral
2785.jpg,anger
2786.jpg,happy
2787.jpg,fear
2788.jpg,anger
2789.jpg,neutral
2790.jpg,fear
2791.jpg,surprise
2792.jpg,anger
2793.jpg,anger
2794.jpg,fear
2795.jpg,sad
2796.jpg,neutral
2797.jpg,uncertain
2798.jpg,uncertain
2799.jpg,neutral
2800.jpg,happy
2801.jpg,sad
2802.jpg,surprise
2803.jpg,uncertain
2804.jpg,surprise
2805.jpg,neutral
2806.jpg,uncertain
2807.jpg,sad
2808.jpg,uncertain
2809.jpg,contempt
2810.jpg,sad
2811.jpg,sad
2812.jpg,sad
2813.jpg,neutral
2814.jpg,disgust
2815.jpg,happy
2816.jpg,sad
2817.jpg,happy
2818.jpg,fear
2819.jpg,uncertain
2820.jpg,happy
2821.jpg,sad
2822.jpg,surprise
2823.jpg,anger
2824.jpg,happy
2825.jpg,sad
2826.jpg,disgust
2827.jpg,contempt
2828.jpg,anger
2829.jpg,neutral
2830.jpg,anger
2831.jpg,anger
2832.jpg,disgust
2833.jpg,anger
2834.jpg,uncertain
2835.jpg,uncertain
2836.jpg,neutral
2837.jpg,anger
2838.jpg,anger
2839.jpg,sad
2840.jpg,neutral
2841.jpg,happy
2842.jpg,contempt
2843.jpg,surprise
2844.jpg,neutral
2845.jpg,surprise
2846.jpg,fear
2847.jpg,contempt
2848.jpg,anger
2849.jpg,surprise
2850.jpg,neutral
2851.jpg,happy
2852.jpg,anger
2853.jpg,sad
2854.jpg,neutral
2855.jpg,happy
2856.jpg,happy
2857.jpg,fear
2858.jpg,happy
2859.jpg,sad
2860.jpg,sad
2861.jpg,surprise
2862.jpg,surprise
2863.jpg,surprise
2864.jpg,uncertain
2865.jpg,sad
2866.jpg,neutral
2867.jpg,anger
2868.jpg,uncertain
2869.jpg,sad
2870.jpg,neutral
2871.jpg,sad
2872.jpg,surprise
2873.jpg,fear
2874.jpg,disgust
2875.jpg,fear
2876.jpg,surprise
2877.jpg,surprise
2878.jpg,anger
2879.jpg,fear
2880.jpg,happy
2881.jpg,uncertain
2882.jpg,contempt
2883.jpg,happy
2884.jpg,neutral
2885.jpg,surprise
2886.jpg,anger
2887.jpg,happy
2888.jpg,disgust
2889.jpg,uncertain
2890.jpg,surprise
2891.jpg,neutral
2892.jpg,surprise
2893.jpg,sad
2894.jpg,neutral
2895.jpg,sad
2896.jpg,surprise
2897.jpg,contempt
2898.jpg,happy
2899.jpg,sad
2900.jpg,fear
2901.jpg,happy
2902.jpg,sad
2903.jpg,anger
2904.jpg,anger
2905.jpg,neutral
2906.jpg,happy
2907.jpg,uncertain
2908.jpg,neutral
2909.jpg,neutral
2910.jpg,uncertain
2911.jpg,fear
2912.jpg,sad
2913.jpg,disgust
2914.jpg,surprise
2915.jpg,sad
2916.jpg,neutral
2917.jpg,happy
2918.jpg,happy
2919.jpg,neutral
2920.jpg,neutral
2921.jpg,uncertain
2922.jpg,sad
2923.jpg,anger
2924.jpg,disgust
2925.jpg,neutral
2926.jpg,happy
2927.jpg,contempt
2928.jpg,contempt
2929.jpg,anger
2930.jpg,neutral
2931.jpg,anger
2932.jpg,anger
2933.jpg,happy
2934.jpg,anger
2935.jpg,neutral
2936.jpg,neutral
2937.jpg,anger
2938.jpg,neutral
2939.jpg,contempt
2940.jpg,happy
2941.jpg,neutral
2942.jpg,anger
2943.jpg,sad
2944.jpg,sad
2945.jpg,happy
2946.jpg,uncertain
2947.jpg,neutral
2948.jpg,uncertain
2949.jpg,happy
2950.jpg,happy
2951.jpg,sad
2952.jpg,sad
2953.jpg,happy
2954.jpg,uncertain
2955.jpg,anger
2956.jpg,surprise
2957.jpg,fear
2958.jpg,anger
2959.jpg,sad
2960.jpg,anger
2961.jpg,neutral
2962.jpg,sad
2963.jpg,sad
2964.jpg,surprise
2965.jpg,anger
2966.jpg,anger
2967.jpg,fear
2968.jpg,fear
2969.jpg,disgust
2970.jpg,uncertain
2971.jpg,contempt
2972.jpg,neutral
2973.jpg,anger
2974.jpg,surprise
2975.jpg,sad
2976.jpg,neutral
2977.jpg,happy
2978.jpg,sad
2979.jpg,uncertain
2980.jpg,sad
2981.jpg,uncertain
2982.jpg,uncertain
2983.jpg,neutral
2984.jpg,fear
2985.jpg,surprise
2986.jpg,anger
2987.jpg,contempt
2988.jpg,happy
2989.jpg,disgust
2990.jpg,uncertain
2991.jpg,fear
2992.jpg,happy
2993.jpg,anger
2994.jpg,happy
2995.jpg,happy
2996.jpg,sad
2997.jpg,anger
2998.jpg,neutral
2999.jpg,fear
3000.jpg,disgust
3001.jpg,uncertain
3002.jpg,disgust
3003.jpg,surprise
3004.jpg,sad
3005.jpg,surprise
3006.jpg,anger
3007.jpg,surprise
3008.jpg,surprise
3009.jpg,anger
3010.jpg,happy
3011.jpg,uncertain
3012.jpg,surprise
3013.jpg,uncertain
3014.jpg,fear
3015.jpg,happy
3016.jpg,sad
3017.jpg,uncertain
3018.jpg,neutral
3019.jpg,happy
3020.jpg,happy
3021.jpg,neutral
3022.jpg,uncertain
3023.jpg,sad
3024.jpg,sad
3025.jpg,neutral
3026.jpg,surprise
3027.jpg,surprise
3028.jpg,neutral
3029.jpg,uncertain
3030.jpg,neutral
3031.jpg,anger
3032.jpg,anger
3033.jpg,happy
3034.jpg,sad
3035.jpg,happy
3036.jpg,neutral
3037.jpg,disgust
3038.jpg,happy
3039.jpg,neutral
3040.jpg,anger
3041.jpg,contempt
3042.jpg,disgust
3043.jpg,uncertain
3044.jpg,happy
3045.jpg,contempt
3046.jpg,surprise
3047.jpg,surprise
3048.jpg,sad
3049.jpg,anger
3050.jpg,uncertain
3051.jpg,disgust
3052.jpg,surprise
3053.jpg,neutral
3054.jpg,uncertain
3055.jpg,fear
3056.jpg,anger
3057.jpg,happy
3058.jpg,contempt
3059.jpg,sad
3060.jpg,sad
3061.jpg,sad
3062.jpg,surprise
3063.jpg,sad
3064.jpg,surprise
3065.jpg,surprise
3066.jpg,sad
3067.jpg,uncertain
3068.jpg,happy
3069.jpg,fear
3070.jpg,uncertain
3071.jpg,happy
3072.jpg,happy
3073.jpg,happy
3074.jpg,neutral
3075.jpg,happy
3076.jpg,disgust
3077.jpg,happy
3078.jpg,surprise
3079.jpg,anger
3080.jpg,surprise
3081.jpg,surprise
3082.jpg,surprise
3083.jpg,neutral
3084.jpg,neutral
3085.jpg,uncertain
3086.jpg,sad
3087.jpg,uncertain
3088.jpg,surprise
3089.jpg,surprise
3090.jpg,fear
3091.jpg,happy
3092.jpg,contempt
3093.jpg,happy
3094.jpg,surprise
3095.jpg,anger
3096.jpg,happy
3097.jpg,uncertain
3098.jpg,neutral
3099.jpg,anger
3100.jpg,anger
3101.jpg,sad
3102.jpg,contempt
3103.jpg,surprise
3104.jpg,sad
3105.jpg,happy
3106.jpg,uncertain
3107.jpg,fear
3108.jpg,uncertain
3109.jpg,contempt
3110.jpg,sad
3111.jpg,contempt
3112.jpg,contempt
3113.jpg,anger
3114.jpg,contempt
3115.jpg,fear
3116.jpg,anger
3117.jpg,happy
3118.jpg,anger
3119.jpg,contempt
3120.jpg,surprise
3121.jpg,sad
3122.jpg,neutral
3123.jpg,neutral
3124.jpg,surprise
3125.jpg,uncertain
3126.jpg,contempt
3127.jpg,happy
3128.jpg,neutral
3129.jpg,happy
3130.jpg,uncertain
3131.jpg,uncertain
3132.jpg,happy
3133.jpg,surprise
3134.jpg,happy
3135.jpg,sad
3136.jpg,uncertain
3137.jpg,anger
3138.jpg,surprise
3139.jpg,neutral
3140.jpg,happy
3141.jpg,anger
3142.jpg,surprise
3143.jpg,neutral
3144.jpg,sad
3145.jpg,sad
3146.jpg,disgust
3147.jpg,sad
3148.jpg,sad
3149.jpg,surprise
3150.jpg,sad
3151.jpg,uncertain
3152.jpg,uncertain
3153.jpg,contempt
3154.jpg,neutral
3155.jpg,sad
3156.jpg,sad
3157.jpg,happy
3158.jpg,anger
3159.jpg,sad
3160.jpg,happy
3161.jpg,happy
3162.jpg,contempt
3163.jpg,sad
3164.jpg,anger
3165.jpg,happy
3166.jpg,surprise
3167.jpg,contempt
3168.jpg,anger
3169.jpg,fear
3170.jpg,disgust
3171.jpg,sad
3172.jpg,sad
3173.jpg,uncertain
3174.jpg,disgust
3175.jpg,happy
3176.jpg,happy
3177.jpg,anger
3178.jpg,anger
3179.jpg,neutral
3180.jpg,uncertain
3181.jpg,disgust
3182.jpg,anger
3183.jpg,anger
3184.jpg,fear
3185.jpg,anger
3186.jpg,anger
3187.jpg,sad
3188.jpg,anger
3189.jpg,contempt
3190.jpg,happy
3191.jpg,anger
3192.jpg,happy
3193.jpg,sad
3194.jpg,contempt
3195.jpg,happy
3196.jpg,surprise
3197.jpg,anger
3198.jpg,sad
3199.jpg,neutral
3200.jpg,anger
3201.jpg,fear
3202.jpg,surprise
3203.jpg,uncertain
3204.jpg,neutral
3205.jpg,neutral
3206.jpg,disgust
3207.jpg,contempt
3208.jpg,neutral
3209.jpg,disgust
3210.jpg,uncertain
3211.jpg,surprise
3212.jpg,fear
3213.jpg,sad
3214.jpg,uncertain
3215.jpg,disgust
3216.jpg,neutral
3217.jpg,anger
3218.jpg,surprise
3219.jpg,happy
3220.jpg,anger
3221.jpg,sad
3222.jpg,sad
3223.jpg,surprise
3224.jpg,happy
3225.jpg,neutral
3226.jpg,anger
3227.jpg,neutral
3228.jpg,anger
3229.jpg,neutral
3230.jpg,happy
3231.jpg,sad
3232.jpg,uncertain
3233.jpg,surprise
3234.jpg,surprise
3235.jpg,neutral
3236.jpg,happy
3237.jpg,disgust
3238.jpg,uncertain
3239.jpg,anger
3240.jpg,surprise
3241.jpg,anger
3242.jpg,contempt
3243.jpg,neutral
3244.jpg,contempt
3245.jpg,neutral
3246.jpg,happy
3247.jpg,sad
3248.jpg,anger
3249.jpg,contempt
3250.jpg,sad
3251.jpg,happy
3252.jpg,uncertain
3253.jpg,disgust
3254.jpg,neutral
3255.jpg,anger
3256.jpg,uncertain
3257.jpg,neutral
3258.jpg,fear
3259.jpg,happy
3260.jpg,anger
3261.jpg,fear
3262.jpg,surprise
3263.jpg,surprise
3264.jpg,happy
3265.jpg,surprise
3266.jpg,neutral
3267.jpg,surprise
3268.jpg,neutral
3269.jpg,uncertain
3270.jpg,anger
3271.jpg,fear
3272.jpg,anger
3273.jpg,surprise
3274.jpg,neutral
3275.jpg,neutral
3276.jpg,happy
3277.jpg,surprise
3278.jpg,anger
3279.jpg,happy
3280.jpg,surprise
3281.jpg,surprise
3282.jpg,anger
3283.jpg,uncertain
3284.jpg,uncertain
3285.jpg,neutral
3286.jpg,fear
3287.jpg,anger
3288.jpg,anger
3289.jpg,surprise
3290.jpg,surprise
3291.jpg,anger
3292.jpg,sad
3293.jpg,happy
3294.jpg,uncertain
3295.jpg,anger
3296.jpg,sad
3297.jpg,sad
3298.jpg,anger
3299.jpg,anger
3300.jpg,surprise
3301.jpg,neutral
3302.jpg,contempt
3303.jpg,neutral
3304.jpg,surprise
3305.jpg,uncertain
3306.jpg,contempt
3307.jpg,sad
3308.jpg,anger
3309.jpg,sad
3310.jpg,surprise
3311.jpg,happy
3312.jpg,surprise
3313.jpg,happy
3314.jpg,happy
3315.jpg,neutral
3316.jpg,happy
3317.jpg,anger
3318.jpg,surprise
3319.jpg,neutral
3320.jpg,disgust
3321.jpg,surprise
3322.jpg,surprise
3323.jpg,happy
3324.jpg,happy
3325.jpg,neutral
3326.jpg,neutral
3327.jpg,neutral
3328.jpg,disgust
3329.jpg,fear
3330.jpg,surprise
3331.jpg,surprise
3332.jpg,anger
3333.jpg,neutral
3334.jpg,happy
3335.jpg,contempt
3336.jpg,anger
3337.jpg,anger
3338.jpg,anger
3339.jpg,uncertain
3340.jpg,happy
3341.jpg,surprise
3342.jpg,happy
3343.jpg,anger
3344.jpg,happy
3345.jpg,happy
3346.jpg,neutral
3347.jpg,happy
3348.jpg,sad
3349.jpg,surprise
3350.jpg,fear
3351.jpg,neutral
3352.jpg,fear
3353.jpg,surprise
3354.jpg,sad
3355.jpg,uncertain
3356.jpg,fear
3357.jpg,neutral
3358.jpg,contempt
3359.jpg,anger
3360.jpg,happy
3361.jpg,neutral
3362.jpg,fear
3363.jpg,anger
3364.jpg,contempt
3365.jpg,sad
3366.jpg,neutral
3367.jpg,fear
3368.jpg,uncertain
3369.jpg,fear
3370.jpg,sad
3371.jpg,neutral
3372.jpg,uncertain
3373.jpg,anger
3374.jpg,anger
3375.jpg,neutral
3376.jpg,sad
3377.jpg,surprise
3378.jpg,sad
3379.jpg,fear
3380.jpg,anger
3381.jpg,fear
3382.jpg,uncertain
3383.jpg,anger
3384.jpg,uncertain
3385.jpg,sad
3386.jpg,happy
3387.jpg,neutral
3388.jpg,happy
3389.jpg,fear
3390.jpg,surprise
3391.jpg,happy
3392.jpg,sad
3393.jpg,surprise
3394.jpg,happy
3395.jpg,anger
3396.jpg,contempt
3397.jpg,happy
3398.jpg,uncertain
3399.jpg,sad
3400.jpg,surprise
3401.jpg,anger
3402.jpg,anger
3403.jpg,sad
3404.jpg,happy
3405.jpg,uncertain
3406.jpg,disgust
3407.jpg,disgust
3408.jpg,anger
3409.jpg,sad
3410.jpg,disgust
3411.jpg,neutral
3412.jpg,uncertain
3413.jpg,sad
3414.jpg,sad
3415.jpg,happy
3416.jpg,anger
3417.jpg,sad
3418.jpg,anger
3419.jpg,anger
3420.jpg,surprise
3421.jpg,neutral
3422.jpg,disgust
3423.jpg,anger
3424.jpg,anger
3425.jpg,surprise
3426.jpg,uncertain
3427.jpg,happy
3428.jpg,anger
3429.jpg,neutral
3430.jpg,surprise
3431.jpg,sad
3432.jpg,fear
3433.jpg,neutral
3434.jpg,sad
3435.jpg,happy
3436.jpg,surprise
3437.jpg,happy
3438.jpg,uncertain
3439.jpg,happy
3440.jpg,neutral
3441.jpg,anger
3442.jpg,disgust
3443.jpg,neutral
3444.jpg,neutral
3445.jpg,anger
3446.jpg,happy
3447.jpg,surprise
3448.jpg,neutral
3449.jpg,fear
3450.jpg,uncertain
3451.jpg,sad
3452.jpg,disgust
3453.jpg,fear
3454.jpg,surprise
3455.jpg,happy
3456.jpg,happy
3457.jpg,disgust
3458.jpg,sad
3459.jpg,happy
3460.jpg,happy
3461.jpg,neutral
3462.jpg,sad
3463.jpg,contempt
3464.jpg,neutral
3465.jpg,contempt
3466.jpg,uncertain
3467.jpg,surprise
3468.jpg,uncertain
3469.jpg,anger
3470.jpg,surprise
3471.jpg,sad
3472.jpg,uncertain
3473.jpg,surprise
3474.jpg,neutral
3475.jpg,disgust
3476.jpg,sad
3477.jpg,fear
3478.jpg,sad
3479.jpg,neutral
3480.jpg,neutral
3481.jpg,neutral
3482.jpg,fear
3483.jpg,neutral
3484.jpg,neutral
3485.jpg,happy
3486.jpg,happy
3487.jpg,anger
3488.jpg,uncertain
3489.jpg,disgust
3490.jpg,surprise
3491.jpg,contempt
3492.jpg,happy
3493.jpg,neutral
3494.jpg,happy
3495.jpg,neutral
3496.jpg,happy
3497.jpg,surprise
3498.jpg,sad
3499.jpg,surprise
3500.jpg,neutral
3501.jpg,happy
3502.jpg,sad
3503.jpg,surprise
3504.jpg,happy
3505.jpg,sad
3506.jpg,contempt
3507.jpg,anger
3508.jpg,disgust
3509.jpg,happy
3510.jpg,neutral
3511.jpg,neutral
3512.jpg,uncertain
3513.jpg,sad
3514.jpg,neutral
3515.jpg,sad
3516.jpg,neutral
3517.jpg,surprise
3518.jpg,disgust
3519.jpg,surprise
3520.jpg,anger
3521.jpg,uncertain
3522.jpg,happy
3523.jpg,uncertain
3524.jpg,neutral
3525.jpg,fear
3526.jpg,happy
3527.jpg,fear
3528.jpg,happy
3529.jpg,anger
3530.jpg,anger
3531.jpg,sad
3532.jpg,neutral
3533.jpg,neutral
3534.jpg,fear
3535.jpg,neutral
3536.jpg,neutral
3537.jpg,uncertain
3538.jpg,disgust
3539.jpg,surprise
3540.jpg,anger
3541.jpg,contempt
3542.jpg,sad
3543.jpg,disgust
3544.jpg,surprise
3545.jpg,happy
3546.jpg,sad
3547.jpg,neutral
3548.jpg,uncertain
3549.jpg,anger
3550.jpg,neutral
3551.jpg,surprise
3552.jpg,neutral
3553.jpg,uncertain
3554.jpg,neutral
3555.jpg,neutral
3556.jpg,anger
3557.jpg,neutral
3558.jpg,anger
3559.jpg,happy
3560.jpg,disgust
3561.jpg,sad
3562.jpg,happy
3563.jpg,fear
3564.jpg,uncertain
3565.jpg,surprise
3566.jpg,uncertain
3567.jpg,uncertain
3568.jpg,sad
3569.jpg,anger
3570.jpg,uncertain
3571.jpg,sad
3572.jpg,surprise
3573.jpg,happy
3574.jpg,neutral
3575.jpg,fear
3576.jpg,anger
3577.jpg,contempt
3578.jpg,anger
3579.jpg,happy
3580.jpg,neutral
3581.jpg,fear
3582.jpg,fear
3583.jpg,sad
3584.jpg,anger
3585.jpg,sad
3586.jpg,happy
3587.jpg,surprise
3588.jpg,surprise
3589.jpg,neutral
3590.jpg,happy
3591.jpg,anger
3592.jpg,uncertain
3593.jpg,happy
3594.jpg,happy
3595.jpg,anger
3596.jpg,anger
3597.jpg,neutral
3598.jpg,disgust
3599.jpg,sad
3600.jpg,fear
3601.jpg,neutral
3602.jpg,disgust
3603.jpg,uncertain
3604.jpg,happy
3605.jpg,neutral
3606.jpg,surprise
3607.jpg,neutral
3608.jpg,happy
3609.jpg,neutral
3610.jpg,contempt
3611.jpg,sad
3612.jpg,sad
3613.jpg,fear
3614.jpg,disgust
3615.jpg,neutral
3616.jpg,disgust
3617.jpg,neutral
3618.jpg,uncertain
3619.jpg,anger
3620.jpg,surprise
3621.jpg,sad
3622.jpg,anger
3623.jpg,happy
3624.jpg,neutral
3625.jpg,anger
3626.jpg,neutral
3627.jpg,happy
3628.jpg,neutral
3629.jpg,neutral
3630.jpg,anger
3631.jpg,neutral
3632.jpg,neutral
3633.jpg,neutral
3634.jpg,sad
3635.jpg,sad
3636.jpg,anger
3637.jpg,surprise
3638.jpg,sad
3639.jpg,uncertain
3640.jpg,neutral
3641.jpg,neutral
3642.jpg,anger
3643.jpg,disgust
3644.jpg,disgust
3645.jpg,happy
3646.jpg,happy
3647.jpg,surprise
3648.jpg,happy
3649.jpg,uncertain
3650.jpg,happy
3651.jpg,uncertain
3652.jpg,sad
3653.jpg,fear
3654.jpg,surprise
3655.jpg,surprise
3656.jpg,neutral
3657.jpg,anger
3658.jpg,surprise
3659.jpg,anger
3660.jpg,contempt
3661.jpg,contempt
3662.jpg,uncertain
3663.jpg,sad
3664.jpg,neutral
3665.jpg,uncertain
3666.jpg,sad
3667.jpg,sad
3668.jpg,anger
3669.jpg,surprise
3670.jpg,surprise
3671.jpg,surprise
3672.jpg,neutral
3673.jpg,neutral
3674.jpg,surprise
3675.jpg,neutral
3676.jpg,neutral
3677.jpg,anger
3678.jpg,surprise
3679.jpg,anger
3680.jpg,surprise
3681.jpg,anger
3682.jpg,sad
3683.jpg,contempt
3684.jpg,anger
3685.jpg,neutral
3686.jpg,neutral
3687.jpg,disgust
3688.jpg,happy
3689.jpg,uncertain
3690.jpg,sad
3691.jpg,sad
3692.jpg,anger
3693.jpg,uncertain
3694.jpg,contempt
3695.jpg,anger
3696.jpg,surprise
3697.jpg,happy
3698.jpg,anger
3699.jpg,contempt
3700.jpg,neutral
3701.jpg,happy
3702.jpg,surprise
3703.jpg,happy
3704.jpg,surprise
3705.jpg,neutral
3706.jpg,happy
3707.jpg,sad
3708.jpg,uncertain
3709.jpg,sad
3710.jpg,surprise
3711.jpg,anger
3712.jpg,sad
3713.jpg,fear
3714.jpg,sad
3715.jpg,happy
3716.jpg,neutral
3717.jpg,anger
3718.jpg,disgust
3719.jpg,fear
3720.jpg,neutral
3721.jpg,anger
3722.jpg,anger
3723.jpg,happy
3724.jpg,anger
3725.jpg,sad
3726.jpg,surprise
3727.jpg,disgust
3728.jpg,uncertain
3729.jpg,neutral
3730.jpg,uncertain
3731.jpg,disgust
3732.jpg,neutral
3733.jpg,sad
3734.jpg,contempt
3735.jpg,happy
3736.jpg,sad
3737.jpg,happy
3738.jpg,surprise
3739.jpg,surprise
3740.jpg,fear
3741.jpg,happy
3742.jpg,sad
3743.jpg,fear
3744.jpg,anger
3745.jpg,neutral
3746.jpg,disgust
3747.jpg,anger
3748.jpg,fear
3749.jpg,sad
3750.jpg,uncertain
3751.jpg,disgust
3752.jpg,anger
3753.jpg,anger
3754.jpg,neutral
3755.jpg,surprise
3756.jpg,happy
3757.jpg,neutral
3758.jpg,neutral
3759.jpg,neutral
3760.jpg,sad
3761.jpg,fear
3762.jpg,anger
3763.jpg,uncertain
3764.jpg,surprise
3765.jpg,surprise
3766.jpg,uncertain
3767.jpg,surprise
3768.jpg,anger
3769.jpg,surprise
3770.jpg,happy
3771.jpg,anger
3772.jpg,disgust
3773.jpg,anger
3774.jpg,neutral
3775.jpg,uncertain
3776.jpg,uncertain
3777.jpg,uncertain
3778.jpg,happy
3779.jpg,neutral
3780.jpg,happy
3781.jpg,neutral
3782.jpg,happy
3783.jpg,uncertain
3784.jpg,fear
3785.jpg,surprise
3786.jpg,neutral
3787.jpg,surprise
3788.jpg,neutral
3789.jpg,neutral
3790.jpg,neutral
3791.jpg,disgust
3792.jpg,disgust
3793.jpg,surprise
3794.jpg,sad
3795.jpg,anger
3796.jpg,anger
3797.jpg,sad
3798.jpg,surprise
3799.jpg,anger
3800.jpg,contempt
3801.jpg,sad
3802.jpg,anger
3803.jpg,surprise
3804.jpg,fear
3805.jpg,anger
3806.jpg,surprise
3807.jpg,uncertain
3808.jpg,happy
3809.jpg,uncertain
3810.jpg,anger
3811.jpg,neutral
3812.jpg,anger
3813.jpg,happy
3814.jpg,happy
3815.jpg,anger
3816.jpg,surprise
3817.jpg,surprise
3818.jpg,happy
3819.jpg,neutral
3820.jpg,uncertain
3821.jpg,anger
3822.jpg,happy
3823.jpg,sad
3824.jpg,happy
3825.jpg,sad
3826.jpg,surprise
3827.jpg,surprise
3828.jpg,anger
3829.jpg,fear
3830.jpg,anger
3831.jpg,surprise
3832.jpg,uncertain
3833.jpg,surprise
3834.jpg,surprise
3835.jpg,surprise
3836.jpg,neutral
3837.jpg,anger
3838.jpg,uncertain
3839.jpg,happy
3840.jpg,fear
3841.jpg,contempt
3842.jpg,anger
3843.jpg,anger
3844.jpg,contempt
3845.jpg,fear
3846.jpg,sad
3847.jpg,sad
3848.jpg,sad
3849.jpg,uncertain
3850.jpg,anger
3851.jpg,anger
3852.jpg,fear
3853.jpg,surprise
3854.jpg,sad
3855.jpg,surprise
3856.jpg,uncertain
3857.jpg,surprise
3858.jpg,surprise
3859.jpg,anger
3860.jpg,fear
3861.jpg,happy
3862.jpg,disgust
3863.jpg,neutral
3864.jpg,neutral
3865.jpg,sad
3866.jpg,anger
3867.jpg,uncertain
3868.jpg,neutral
3869.jpg,sad
3870.jpg,happy
3871.jpg,uncertain
3872.jpg,sad
3873.jpg,happy
3874.jpg,uncertain
3875.jpg,fear
3876.jpg,happy
3877.jpg,fear
3878.jpg,happy
3879.jpg,anger
3880.jpg,neutral
3881.jpg,anger
3882.jpg,uncertain
3883.jpg,anger
3884.jpg,surprise
3885.jpg,anger
3886.jpg,sad
3887.jpg,sad
3888.jpg,happy
3889.jpg,sad
3890.jpg,sad
3891.jpg,happy
3892.jpg,contempt
3893.jpg,sad
3894.jpg,neutral
3895.jpg,sad
3896.jpg,neutral
3897.jpg,contempt
3898.jpg,sad
3899.jpg,uncertain
3900.jpg,neutral
3901.jpg,uncertain
3902.jpg,neutral
3903.jpg,uncertain
3904.jpg,neutral
3905.jpg,sad
3906.jpg,happy
3907.jpg,anger
3908.jpg,happy
3909.jpg,uncertain
3910.jpg,happy
3911.jpg,sad
3912.jpg,sad
3913.jpg,contempt
3914.jpg,sad
3915.jpg,sad
3916.jpg,sad
3917.jpg,neutral
3918.jpg,uncertain
3919.jpg,sad
3920.jpg,uncertain
3921.jpg,surprise
3922.jpg,anger
3923.jpg,happy
3924.jpg,uncertain
3925.jpg,sad
3926.jpg,happy
3927.jpg,disgust
3928.jpg,sad
3929.jpg,sad
3930.jpg,anger
3931.jpg,sad
3932.jpg,neutral
3933.jpg,neutral
3934.jpg,contempt
3935.jpg,neutral
3936.jpg,neutral
3937.jpg,anger
3938.jpg,neutral
3939.jpg,happy
3940.jpg,contempt
3941.jpg,contempt
3942.jpg,uncertain
3943.jpg,neutral
3944.jpg,neutral
3945.jpg,sad
3946.jpg,surprise
3947.jpg,surprise
3948.jpg,anger
3949.jpg,neutral
3950.jpg,surprise
3951.jpg,surprise
3952.jpg,happy
3953.jpg,surprise
3954.jpg,surprise
3955.jpg,anger
3956.jpg,surprise
3957.jpg,surprise
3958.jpg,sad
3959.jpg,uncertain
3960.jpg,uncertain
3961.jpg,anger
3962.jpg,sad
3963.jpg,contempt
3964.jpg,contempt
3965.jpg,sad
3966.jpg,neutral
3967.jpg,sad
3968.jpg,anger
3969.jpg,neutral
3970.jpg,uncertain
3971.jpg,happy
3972.jpg,happy
3973.jpg,happy
3974.jpg,sad
3975.jpg,sad
3976.jpg,sad
3977.jpg,uncertain
3978.jpg,sad
3979.jpg,uncertain
3980.jpg,disgust
3981.jpg,happy
3982.jpg,disgust
3983.jpg,happy
3984.jpg,uncertain
3985.jpg,sad
3986.jpg,surprise
3987.jpg,uncertain
3988.jpg,anger
3989.jpg,surprise
3990.jpg,happy
3991.jpg,anger
3992.jpg,happy
3993.jpg,uncertain
3994.jpg,neutral
3995.jpg,sad
3996.jpg,happy
3997.jpg,neutral
3998.jpg,anger
3999.jpg,uncertain
4000.jpg,sad
4001.jpg,sad
4002.jpg,contempt
4003.jpg,neutral
4004.jpg,surprise
4005.jpg,anger
4006.jpg,anger
4007.jpg,uncertain
4008.jpg,sad
4009.jpg,fear
4010.jpg,neutral
4011.jpg,neutral
4012.jpg,sad
4013.jpg,uncertain
4014.jpg,sad
4015.jpg,happy
4016.jpg,anger
4017.jpg,surprise
4018.jpg,anger
4019.jpg,sad
4020.jpg,happy
4021.jpg,sad
4022.jpg,happy
4023.jpg,uncertain
4024.jpg,neutral
4025.jpg,sad
4026.jpg,surprise
4027.jpg,sad
4028.jpg,happy
4029.jpg,happy
4030.jpg,neutral
4031.jpg,fear
4032.jpg,sad
4033.jpg,anger
4034.jpg,neutral
4035.jpg,disgust
4036.jpg,happy
4037.jpg,happy
4038.jpg,contempt
4039.jpg,sad
4040.jpg,sad
4041.jpg,neutral
4042.jpg,anger
4043.jpg,sad
4044.jpg,surprise
4045.jpg,surprise
4046.jpg,happy
4047.jpg,fear
4048.jpg,fear
4049.jpg,contempt
4050.jpg,surprise
4051.jpg,contempt
4052.jpg,uncertain
4053.jpg,anger
4054.jpg,neutral
4055.jpg,neutral
4056.jpg,sad
4057.jpg,uncertain
4058.jpg,happy
4059.jpg,fear
4060.jpg,happy
4061.jpg,neutral
4062.jpg,happy
4063.jpg,sad
4064.jpg,neutral
4065.jpg,surprise
4066.jpg,sad
4067.jpg,contempt
4068.jpg,happy
4069.jpg,neutral
4070.jpg,fear
4071.jpg,surprise
4072.jpg,sad
4073.jpg,surprise
4074.jpg,uncertain
4075.jpg,neutral
4076.jpg,surprise
4077.jpg,sad
4078.jpg,anger
4079.jpg,happy
4080.jpg,uncertain
4081.jpg,surprise
4082.jpg,anger
4083.jpg,fear
4084.jpg,disgust
4085.jpg,disgust
4086.jpg,neutral
4087.jpg,sad
4088.jpg,fear
4089.jpg,contempt
4090.jpg,surprise
4091.jpg,sad
4092.jpg,uncertain
4093.jpg,sad
4094.jpg,neutral
4095.jpg,anger
4096.jpg,neutral
4097.jpg,happy
4098.jpg,happy
4099.jpg,anger
4100.jpg,contempt
4101.jpg,happy
4102.jpg,fear
4103.jpg,surprise
4104.jpg,neutral
4105.jpg,sad
4106.jpg,anger
4107.jpg,anger
4108.jpg,uncertain
4109.jpg,uncertain
4110.jpg,neutral
4111.jpg,neutral
4112.jpg,sad
4113.jpg,anger
4114.jpg,uncertain
4115.jpg,neutral
4116.jpg,neutral
4117.jpg,surprise
4118.jpg,sad
4119.jpg,sad
4120.jpg,neutral
4121.jpg,happy
4122.jpg,contempt
4123.jpg,uncertain
4124.jpg,disgust
4125.jpg,happy
4126.jpg,surprise
4127.jpg,surprise
4128.jpg,happy
4129.jpg,anger
4130.jpg,happy
4131.jpg,contempt
4132.jpg,neutral
4133.jpg,anger
4134.jpg,sad
4135.jpg,anger
4136.jpg,fear
4137.jpg,surprise
4138.jpg,happy
4139.jpg,contempt
4140.jpg,happy
4141.jpg,contempt
4142.jpg,anger
4143.jpg,anger
4144.jpg,neutral
4145.jpg,disgust
4146.jpg,uncertain
4147.jpg,uncertain
4148.jpg,anger
4149.jpg,contempt
4150.jpg,neutral
4151.jpg,neutral
4152.jpg,happy
4153.jpg,happy
4154.jpg,anger
4155.jpg,happy
4156.jpg,disgust
4157.jpg,neutral
4158.jpg,anger
4159.jpg,neutral
4160.jpg,neutral
4161.jpg,happy
4162.jpg,disgust
4163.jpg,neutral
4164.jpg,neutral
4165.jpg,surprise
4166.jpg,happy
4167.jpg,happy
4168.jpg,contempt
4169.jpg,happy
4170.jpg,happy
4171.jpg,sad
4172.jpg,uncertain
4173.jpg,happy
4174.jpg,sad
4175.jpg,happy
4176.jpg,surprise
4177.jpg,neutral
4178.jpg,contempt
4179.jpg,happy
4180.jpg,neutral
4181.jpg,fear
4182.jpg,surprise
4183.jpg,uncertain
4184.jpg,uncertain
4185.jpg,disgust
4186.jpg,uncertain
4187.jpg,happy
4188.jpg,sad
4189.jpg,happy
4190.jpg,disgust
4191.jpg,surprise
4192.jpg,neutral
4193.jpg,anger
4194.jpg,neutral
4195.jpg,neutral
4196.jpg,anger
4197.jpg,contempt
4198.jpg,uncertain
4199.jpg,sad
4200.jpg,sad
4201.jpg,anger
4202.jpg,uncertain
4203.jpg,contempt
4204.jpg,neutral
4205.jpg,sad
4206.jpg,uncertain
4207.jpg,happy
4208.jpg,anger
4209.jpg,fear
4210.jpg,sad
4211.jpg,uncertain
4212.jpg,anger
4213.jpg,sad
4214.jpg,uncertain
4215.jpg,neutral
4216.jpg,neutral
4217.jpg,happy
4218.jpg,sad
4219.jpg,neutral
4220.jpg,contempt
4221.jpg,fear
4222.jpg,anger
4223.jpg,fear
4224.jpg,neutral
4225.jpg,happy
4226.jpg,happy
4227.jpg,sad
4228.jpg,surprise
4229.jpg,surprise
4230.jpg,happy
4231.jpg,sad
4232.jpg,neutral
4233.jpg,happy
4234.jpg,happy
4235.jpg,happy
4236.jpg,neutral
4237.jpg,surprise
4238.jpg,happy
4239.jpg,anger
4240.jpg,happy
4241.jpg,uncertain
4242.jpg,disgust
4243.jpg,neutral
4244.jpg,neutral
4245.jpg,uncertain
4246.jpg,anger
4247.jpg,uncertain
4248.jpg,anger
4249.jpg,uncertain
4250.jpg,sad
4251.jpg,anger
4252.jpg,fear
4253.jpg,happy
4254.jpg,neutral
4255.jpg,disgust
4256.jpg,neutral
4257.jpg,disgust
4258.jpg,surprise
4259.jpg,sad
4260.jpg,sad
4261.jpg,happy
4262.jpg,anger
4263.jpg,uncertain
4264.jpg,uncertain
4265.jpg,fear
4266.jpg,sad
4267.jpg,happy
4268.jpg,happy
4269.jpg,sad
4270.jpg,neutral
4271.jpg,uncertain
4272.jpg,surprise
4273.jpg,uncertain
4274.jpg,fear
4275.jpg,uncertain
4276.jpg,fear
4277.jpg,anger
4278.jpg,contempt
4279.jpg,uncertain
4280.jpg,sad
4281.jpg,happy
4282.jpg,disgust
4283.jpg,sad
4284.jpg,happy
4285.jpg,disgust
4286.jpg,neutral
4287.jpg,uncertain
4288.jpg,sad
4289.jpg,sad
4290.jpg,neutral
4291.jpg,neutral
4292.jpg,sad
4293.jpg,uncertain
4294.jpg,happy
4295.jpg,sad
4296.jpg,uncertain
4297.jpg,sad
4298.jpg,neutral
4299.jpg,fear
4300.jpg,surprise
4301.jpg,neutral
4302.jpg,fear
4303.jpg,contempt
4304.jpg,fear
4305.jpg,anger
4306.jpg,sad
4307.jpg,neutral
4308.jpg,neutral
4309.jpg,anger
4310.jpg,anger
4311.jpg,fear
4312.jpg,neutral
4313.jpg,sad
4314.jpg,neutral
4315.jpg,happy
4316.jpg,sad
4317.jpg,anger
4318.jpg,anger
4319.jpg,sad
4320.jpg,contempt
4321.jpg,happy
4322.jpg,happy
4323.jpg,surprise
4324.jpg,happy
4325.jpg,sad
4326.jpg,surprise
4327.jpg,contempt
4328.jpg,sad
4329.jpg,surprise
4330.jpg,neutral
4331.jpg,happy
4332.jpg,happy
4333.jpg,anger
4334.jpg,uncertain
4335.jpg,anger
4336.jpg,surprise
4337.jpg,uncertain
4338.jpg,fear
4339.jpg,happy
4340.jpg,fear
4341.jpg,uncertain
4342.jpg,contempt
4343.jpg,happy
4344.jpg,contempt
4345.jpg,happy
4346.jpg,happy
4347.jpg,surprise
4348.jpg,anger
4349.jpg,uncertain
4350.jpg,uncertain
4351.jpg,neutral
4352.jpg,contempt
4353.jpg,contempt
4354.jpg,neutral
4355.jpg,neutral
4356.jpg,fear
4357.jpg,neutral
4358.jpg,happy
4359.jpg,happy
4360.jpg,sad
4361.jpg,happy
4362.jpg,surprise
4363.jpg,surprise
4364.jpg,fear
4365.jpg,happy
4366.jpg,neutral
4367.jpg,contempt
4368.jpg,disgust
4369.jpg,happy
4370.jpg,anger
4371.jpg,fear
4372.jpg,disgust
4373.jpg,happy
4374.jpg,sad
4375.jpg,uncertain
4376.jpg,happy
4377.jpg,sad
4378.jpg,anger
4379.jpg,neutral
4380.jpg,contempt
4381.jpg,uncertain
4382.jpg,surprise
4383.jpg,surprise
4384.jpg,sad
4385.jpg,happy
4386.jpg,anger
4387.jpg,sad
4388.jpg,fear
4389.jpg,fear
4390.jpg,happy
4391.jpg,fear
4392.jpg,anger
4393.jpg,happy
4394.jpg,contempt
4395.jpg,surprise
4396.jpg,neutral
4397.jpg,neutral
4398.jpg,neutral
4399.jpg,sad
4400.jpg,neutral
4401.jpg,happy
4402.jpg,anger
4403.jpg,sad
4404.jpg,disgust
4405.jpg,surprise
4406.jpg,anger
4407.jpg,uncertain
4408.jpg,fear
4409.jpg,happy
4410.jpg,contempt
4411.jpg,happy
4412.jpg,sad
4413.jpg,anger
4414.jpg,uncertain
4415.jpg,neutral
4416.jpg,neutral
4417.jpg,anger
4418.jpg,happy
4419.jpg,happy
4420.jpg,surprise
4421.jpg,sad
4422.jpg,anger
4423.jpg,sad
4424.jpg,contempt
4425.jpg,surprise
4426.jpg,happy
4427.jpg,anger
4428.jpg,fear
4429.jpg,neutral
4430.jpg,surprise
4431.jpg,sad
4432.jpg,surprise
4433.jpg,surprise
4434.jpg,surprise
4435.jpg,sad
4436.jpg,fear
4437.jpg,neutral
4438.jpg,sad
4439.jpg,uncertain
4440.jpg,fear
4441.jpg,neutral
4442.jpg,contempt
4443.jpg,sad
4444.jpg,neutral
4445.jpg,neutral
4446.jpg,sad
4447.jpg,anger
4448.jpg,anger
4449.jpg,uncertain
4450.jpg,sad
4451.jpg,anger
4452.jpg,anger
4453.jpg,uncertain
4454.jpg,uncertain
4455.jpg,disgust
4456.jpg,surprise
4457.jpg,uncertain
4458.jpg,uncertain
4459.jpg,happy
4460.jpg,sad
4461.jpg,happy
4462.jpg,contempt
4463.jpg,uncertain
4464.jpg,surprise
4465.jpg,anger
4466.jpg,uncertain
4467.jpg,surprise
4468.jpg,happy
4469.jpg,surprise
4470.jpg,happy
4471.jpg,fear
4472.jpg,contempt
4473.jpg,neutral
4474.jpg,fear
4475.jpg,surprise
4476.jpg,fear
4477.jpg,fear
4478.jpg,sad
4479.jpg,surprise
4480.jpg,surprise
4481.jpg,anger
4482.jpg,surprise
4483.jpg,neutral
4484.jpg,anger
4485.jpg,fear
4486.jpg,neutral
4487.jpg,sad
4488.jpg,happy
4489.jpg,uncertain
4490.jpg,anger
4491.jpg,neutral
4492.jpg,fear
4493.jpg,fear
4494.jpg,uncertain
4495.jpg,fear
4496.jpg,happy
4497.jpg,anger
4498.jpg,sad
4499.jpg,contempt
4500.jpg,contempt
4501.jpg,anger
4502.jpg,fear
4503.jpg,disgust
4504.jpg,neutral
4505.jpg,disgust
4506.jpg,uncertain
4507.jpg,sad
4508.jpg,sad
4509.jpg,neutral
4510.jpg,contempt
4511.jpg,surprise
4512.jpg,surprise
4513.jpg,surprise
4514.jpg,fear
4515.jpg,happy
4516.jpg,happy
4517.jpg,disgust
4518.jpg,neutral
4519.jpg,uncertain
4520.jpg,anger
4521.jpg,surprise
4522.jpg,neutral
4523.jpg,uncertain
4524.jpg,sad
4525.jpg,anger
4526.jpg,sad
4527.jpg,neutral
4528.jpg,neutral
4529.jpg,fear
4530.jpg,neutral
4531.jpg,happy
4532.jpg,sad
4533.jpg,contempt
4534.jpg,happy
4535.jpg,neutral
4536.jpg,fear
4537.jpg,sad
4538.jpg,anger
4539.jpg,fear
4540.jpg,neutral
4541.jpg,anger
4542.jpg,surprise
4543.jpg,neutral
4544.jpg,neutral
4545.jpg,neutral
4546.jpg,neutral
4547.jpg,happy
4548.jpg,surprise
4549.jpg,surprise
4550.jpg,fear
4551.jpg,neutral
4552.jpg,uncertain
4553.jpg,anger
4554.jpg,sad
4555.jpg,neutral
4556.jpg,contempt
4557.jpg,uncertain
4558.jpg,happy
4559.jpg,anger
4560.jpg,anger
4561.jpg,fear
4562.jpg,happy
4563.jpg,happy
4564.jpg,anger
4565.jpg,anger
4566.jpg,surprise
4567.jpg,fear
4568.jpg,sad
4569.jpg,fear
4570.jpg,sad
4571.jpg,surprise
4572.jpg,anger
4573.jpg,sad
4574.jpg,anger
4575.jpg,disgust
4576.jpg,contempt
4577.jpg,sad
4578.jpg,uncertain
4579.jpg,anger
4580.jpg,neutral
4581.jpg,contempt
4582.jpg,neutral
4583.jpg,anger
4584.jpg,uncertain
4585.jpg,uncertain
4586.jpg,surprise
4587.jpg,surprise
4588.jpg,fear
4589.jpg,sad
4590.jpg,surprise
4591.jpg,sad
4592.jpg,contempt
4593.jpg,uncertain
4594.jpg,happy
4595.jpg,surprise
4596.jpg,uncertain
4597.jpg,uncertain
4598.jpg,happy
4599.jpg,neutral
4600.jpg,surprise
4601.jpg,uncertain
4602.jpg,surprise
4603.jpg,anger
4604.jpg,disgust
4605.jpg,sad
4606.jpg,surprise
4607.jpg,happy
4608.jpg,uncertain
4609.jpg,uncertain
4610.jpg,fear
4611.jpg,anger
4612.jpg,surprise
4613.jpg,happy
4614.jpg,neutral
4615.jpg,neutral
4616.jpg,anger
4617.jpg,sad
4618.jpg,disgust
4619.jpg,neutral
4620.jpg,contempt
4621.jpg,neutral
4622.jpg,fear
4623.jpg,fear
4624.jpg,surprise
4625.jpg,sad
4626.jpg,happy
4627.jpg,uncertain
4628.jpg,disgust
4629.jpg,anger
4630.jpg,sad
4631.jpg,surprise
4632.jpg,sad
4633.jpg,disgust
4634.jpg,neutral
4635.jpg,neutral
4636.jpg,disgust
4637.jpg,surprise
4638.jpg,happy
4639.jpg,sad
4640.jpg,disgust
4641.jpg,neutral
4642.jpg,anger
4643.jpg,happy
4644.jpg,sad
4645.jpg,sad
4646.jpg,anger
4647.jpg,anger
4648.jpg,happy
4649.jpg,uncertain
4650.jpg,anger
4651.jpg,uncertain
4652.jpg,surprise
4653.jpg,fear
4654.jpg,contempt
4655.jpg,uncertain
4656.jpg,neutral
4657.jpg,uncertain
4658.jpg,sad
4659.jpg,anger
4660.jpg,fear
4661.jpg,anger
4662.jpg,surprise
4663.jpg,surprise
4664.jpg,fear
4665.jpg,neutral
4666.jpg,neutral
4667.jpg,neutral
4668.jpg,surprise
4669.jpg,neutral
4670.jpg,happy
4671.jpg,anger
4672.jpg,anger
4673.jpg,contempt
4674.jpg,neutral
4675.jpg,anger
4676.jpg,happy
4677.jpg,happy
4678.jpg,neutral
4679.jpg,anger
4680.jpg,neutral
4681.jpg,anger
4682.jpg,neutral
4683.jpg,neutral
4684.jpg,uncertain
4685.jpg,neutral
4686.jpg,sad
4687.jpg,sad
4688.jpg,neutral
4689.jpg,surprise
4690.jpg,surprise
4691.jpg,sad
4692.jpg,anger
4693.jpg,surprise
4694.jpg,fear
4695.jpg,neutral
4696.jpg,surprise
4697.jpg,surprise
4698.jpg,sad
4699.jpg,happy
4700.jpg,anger
4701.jpg,neutral
4702.jpg,uncertain
4703.jpg,anger
4704.jpg,sad
4705.jpg,sad
4706.jpg,uncertain
4707.jpg,contempt
4708.jpg,contempt
4709.jpg,happy
4710.jpg,uncertain
4711.jpg,sad
4712.jpg,uncertain
4713.jpg,disgust
4714.jpg,anger
4715.jpg,fear
4716.jpg,uncertain
4717.jpg,fear
4718.jpg,neutral
4719.jpg,fear
4720.jpg,sad
4721.jpg,sad
4722.jpg,neutral
4723.jpg,happy
4724.jpg,happy
4725.jpg,uncertain
4726.jpg,anger
4727.jpg,anger
4728.jpg,anger
4729.jpg,surprise
4730.jpg,surprise
4731.jpg,neutral
4732.jpg,uncertain
4733.jpg,anger
4734.jpg,anger
4735.jpg,happy
4736.jpg,anger
4737.jpg,uncertain
4738.jpg,uncertain
4739.jpg,surprise
4740.jpg,neutral
4741.jpg,uncertain
4742.jpg,happy
4743.jpg,uncertain
4744.jpg,contempt
4745.jpg,sad
4746.jpg,anger
4747.jpg,sad
4748.jpg,surprise
4749.jpg,uncertain
4750.jpg,surprise
4751.jpg,surprise
4752.jpg,surprise
4753.jpg,neutral
4754.jpg,surprise
4755.jpg,surprise
4756.jpg,neutral
4757.jpg,sad
4758.jpg,fear
4759.jpg,uncertain
4760.jpg,neutral
4761.jpg,sad
4762.jpg,contempt
4763.jpg,sad
4764.jpg,neutral
4765.jpg,sad
4766.jpg,contempt
4767.jpg,happy
4768.jpg,surprise
4769.jpg,fear
4770.jpg,neutral
4771.jpg,anger
4772.jpg,neutral
4773.jpg,neutral
4774.jpg,neutral
4775.jpg,neutral
4776.jpg,happy
4777.jpg,sad
4778.jpg,happy
4779.jpg,surprise
4780.jpg,neutral
4781.jpg,happy
4782.jpg,sad
4783.jpg,sad
4784.jpg,anger
4785.jpg,sad
4786.jpg,happy
4787.jpg,sad
4788.jpg,uncertain
4789.jpg,neutral
4790.jpg,fear
4791.jpg,disgust
4792.jpg,surprise
4793.jpg,fear
4794.jpg,sad
4795.jpg,sad
4796.jpg,disgust
4797.jpg,happy
4798.jpg,uncertain
4799.jpg,anger
4800.jpg,surprise
4801.jpg,happy
4802.jpg,contempt
4803.jpg,neutral
4804.jpg,anger
4805.jpg,happy
4806.jpg,sad
4807.jpg,contempt
4808.jpg,anger
4809.jpg,fear
4810.jpg,surprise
4811.jpg,sad
4812.jpg,surprise
4813.jpg,anger
4814.jpg,surprise
4815.jpg,anger
4816.jpg,fear
4817.jpg,happy
4818.jpg,uncertain
4819.jpg,neutral
4820.jpg,uncertain
4821.jpg,anger
4822.jpg,happy
4823.jpg,anger
4824.jpg,neutral
4825.jpg,contempt
4826.jpg,neutral
4827.jpg,fear
4828.jpg,fear
4829.jpg,neutral
4830.jpg,fear
4831.jpg,uncertain
4832.jpg,contempt
4833.jpg,happy
4834.jpg,surprise
4835.jpg,happy
4836.jpg,anger
4837.jpg,happy
4838.jpg,sad
4839.jpg,sad
4840.jpg,uncertain
4841.jpg,neutral
4842.jpg,sad
4843.jpg,neutral
4844.jpg,anger
4845.jpg,uncertain
4846.jpg,sad
4847.jpg,neutral
4848.jpg,sad
4849.jpg,sad
4850.jpg,uncertain
4851.jpg,happy
4852.jpg,anger
4853.jpg,sad
4854.jpg,uncertain
4855.jpg,surprise
4856.jpg,neutral
4857.jpg,anger
4858.jpg,neutral
4859.jpg,contempt
4860.jpg,happy
4861.jpg,anger
4862.jpg,contempt
4863.jpg,surprise
4864.jpg,happy
4865.jpg,fear
4866.jpg,surprise
4867.jpg,fear
4868.jpg,neutral
4869.jpg,sad
4870.jpg,fear
4871.jpg,neutral
4872.jpg,neutral
4873.jpg,neutral
4874.jpg,sad
4875.jpg,neutral
4876.jpg,anger
4877.jpg,surprise
4878.jpg,sad
4879.jpg,surprise
4880.jpg,uncertain
4881.jpg,surprise
4882.jpg,neutral
4883.jpg,uncertain
4884.jpg,neutral
4885.jpg,anger
4886.jpg,neutral
4887.jpg,surprise
4888.jpg,anger
4889.jpg,surprise
4890.jpg,contempt
4891.jpg,sad
4892.jpg,anger
4893.jpg,happy
4894.jpg,surprise
4895.jpg,uncertain
4896.jpg,sad
4897.jpg,happy
4898.jpg,neutral
4899.jpg,contempt
4900.jpg,sad
4901.jpg,neutral
4902.jpg,sad
4903.jpg,sad
4904.jpg,sad
4905.jpg,sad
4906.jpg,neutral
4907.jpg,contempt
4908.jpg,uncertain
4909.jpg,disgust
4910.jpg,sad
4911.jpg,anger
4912.jpg,surprise
4913.jpg,contempt
4914.jpg,contempt
4915.jpg,neutral
4916.jpg,sad
4917.jpg,anger
4918.jpg,happy
4919.jpg,anger
4920.jpg,sad
4921.jpg,anger
4922.jpg,sad
4923.jpg,surprise
4924.jpg,anger
4925.jpg,surprise
4926.jpg,anger
4927.jpg,uncertain
4928.jpg,uncertain
4929.jpg,surprise
4930.jpg,disgust
4931.jpg,neutral
4932.jpg,anger
4933.jpg,neutral
4934.jpg,neutral
4935.jpg,sad
4936.jpg,neutral
4937.jpg,uncertain
4938.jpg,neutral
4939.jpg,neutral
4940.jpg,neutral
4941.jpg,uncertain
4942.jpg,sad
4943.jpg,sad
4944.jpg,surprise
4945.jpg,fear
4946.jpg,fear
4947.jpg,sad
4948.jpg,sad
4949.jpg,fear
4950.jpg,happy
4951.jpg,neutral
4952.jpg,surprise
4953.jpg,neutral
4954.jpg,anger
4955.jpg,happy
4956.jpg,neutral
4957.jpg,anger
4958.jpg,neutral
4959.jpg,contempt
4960.jpg,anger
4961.jpg,neutral
4962.jpg,uncertain
4963.jpg,contempt
4964.jpg,uncertain
4965.jpg,anger
4966.jpg,sad
4967.jpg,uncertain
4968.jpg,uncertain
4969.jpg,happy
4970.jpg,disgust
4971.jpg,surprise
4972.jpg,uncertain
4973.jpg,sad
4974.jpg,happy
4975.jpg,happy
4976.jpg,happy
4977.jpg,happy
4978.jpg,surprise
4979.jpg,uncertain
4980.jpg,neutral
4981.jpg,uncertain
4982.jpg,sad
4983.jpg,neutral
4984.jpg,neutral
4985.jpg,sad
4986.jpg,happy
4987.jpg,surprise
4988.jpg,happy
4989.jpg,neutral
4990.jpg,sad
4991.jpg,anger
4992.jpg,happy
4993.jpg,sad
4994.jpg,anger
4995.jpg,surprise
4996.jpg,anger
4997.jpg,happy
4998.jpg,neutral
4999.jpg,happy
